censustract2010,child_gradrate,child_edurate,child_langscore,child_mathscore,child_birthrate,child_nohealthinsurance,child_povrate,family_povrate,family_housingburden,family_moms_noedurate,family_collegerate,community_noedurate,Community_nohealthinsurance,community_unemploymentrate
13035150100,79.4,70.9,40.8,14.8,-9,-11.7,-16.6,-20.1,-30.1,-16.3,68,-20.3,19.1,13.4
13035150200,79.4,70.9,38.2,14.8,-12.3,-5.1,-29.3,-43.4,-39.6,-24.4,68,-27,32.7,13.8
13035150300,79.4,70.9,35.6,14.8,-8.2,-4.9,-22.1,-25.8,-30,-17.7,68,-28.9,16.1,11.9
13057090100,83.6,76,50.7,52.1,-8.9,-3.6,-9.6,-26.1,-33.3,-8.9,79.2,-17.1,14.6,5.8
13057090200,71.7,69.3,53.4,34,-7.4,-15,-4.6,-19.1,-31.9,-13.8,73.9,-12.5,18.2,11.8
13057090300,71.7,69.3,57.8,40.9,-9,-8.7,-5.4,-15.9,-31.1,-5.3,73.9,-7.9,13.6,6.7
13057090400,72.1,69.5,24.2,36,-7.6,-11.8,-23.4,-50,-45.8,-18.4,74,-36.5,38.9,8.1
13057090501,89.2,79.2,67.5,54.9,-7.8,-2.8,-14.2,-18.8,-28.8,-6.6,82.2,-17.5,17.1,7.5
13057090502,89.2,79.2,69,54.9,-5.8,-0.9,-17.2,-11.9,-37.4,-3.6,82.2,-6,14.3,8.4
13057090601,76.9,74.1,43.7,36.6,-8.5,-22.1,-28.4,-37.3,-38.4,-19.2,76.5,-26.1,27.1,14.5
13057090602,85.7,78.6,56.9,45.8,-6.9,-4.5,-26,-29.7,-35.8,-16.3,80.3,-20.8,24.4,11.8
13057090701,78.8,78,67.7,60,-7.8,-6.1,-5,-18.4,-30.1,-3.8,79.5,-8.1,13.4,6.4
13057090702,87.3,83.8,52.2,38.8,-6.2,-5.5,-25.4,-26.6,-35.1,-9.1,80.9,-11.1,24.9,8.3
13057090802,88.3,81.4,75.5,46.6,-6.9,-16.4,-9.9,-14.6,-30,-5.1,81.4,-6,9.9,6
13057090803,87.5,83.5,68.7,40.4,-4.8,-2.5,-9.4,-13,-29.8,-1.4,80.9,-5.6,10.5,6.5
13057090804,89.6,81.2,61.1,44.3,-5.7,-2.8,-7.6,-8.2,-19,-3.7,80.9,-7,10.5,7
13057090901,90,80.8,58,45.2,-8.4,-9.3,-14,-13.9,-25,-5.3,80.9,-7.7,13.2,8
13057090902,90.6,80.1,58.9,47.3,-5.3,-5.6,-3.1,-16.2,-33.4,-1.8,85.7664,-6.4,13,7.4
13057090904,87.6,80.6,61.5,48.4,-8.9,-2.5,-28.5,-28.4,-38.2,-5.7,81.4,-9.4,16.4,10.6
13057090905,89.7,80.2,62.5,47.7,-11.4,-6.3643,-12.2,-16.6,-37.9,-6.1,81.4,-8,13.1,7.1
13057091001,81,81.6,61.8,50.3,-7.9,-31.9,-16.1,-38.7,-37.6,-8.2,81.4,-11.1,31.3,7.7
13057091003,81.4,81.2,50.6,50.6,-8.9,-16.5,-16.2,-31,-40.2,-14.5,82.3,-12.2,34.4,14.6
13057091005,81.4,81.3,53,50.5,-7.2,-12.4,-21.7,-24.2,-31.6,-5.9,82.1,-13.2,27.6,6.4
13057091006,82.8,79.9,79.9,51.7,-5.6,-13.9,-4.4,-12.6,-26.1,-6.605,86.5,-3.3,11.1,7
13057091007,82.8,79.9,82.4,51.7,-5.9,-2.8906,-3.3,-13.1,-28.9,-2.2878,86.5,-2,7.5,6.8
13057091008,81.8,80.9,64.1,50.8,-8.2,-9.3,-0.7,-2.7,-26.9,-3.6,83.1,-0.2,12,5.3
13057091101,82.8,79.9,48.9,51.7,-7.6,-2.6,-8.9,-19.2,-33.3,-3.9,86.5,-10.8,22.3,4.7
13057091102,82.8,79.9,45.5,51.7,-5.9,-14.3,-22.8,-24.9,-29.3,-14,86.5,-17.2,32,12.4
13057091103,82.8,79.9,48.4,51.7,-7.4,-3.7,-6,-17.5,-23.3,-6.1,86.5,-11.5,18.3,6.5
13063040202,48.9,51.1,26.2,12.5,-14.1,-2.8,-49.7,-54.6,-54.7,-22.3,67.3,-20.9,36.6,18.7
13063040203,48.5,51.1,27.8,12.5,-11.6,-8,-37.6,-43.2,-49.2,-15,67.5,-16,32.6,21
13063040204,48.5,51.1,27.9,12.5,-12.4,-43.8,-37.7,-51.5,-44.9,-12.6,67.5,-11,32.1,16.3
13063040302,47.9,55.5,31.5,10,-11.2,-15.6,-41,-55,-47.8,-46.6,56.7,-22.2,47.5,19.7
13063040303,47.9,55.5,21.9,10,-9.2,-15.7,-54.2,-61.8,-43.5,-39.6,56.7,-34.5,47.9,33.9
13063040306,47.9,55.5,30.3,20.5,-7.4,-23.6,-64.4,-85.1,-61,-53.3,56.7,-44.6,65.9,17.4
13063040307,47.9,55.5,26.7,23.1,-11.1,-26.9,-33.1,-53.2,-53.8,-32.8,56.7,-35.1,35.2,16.1
13063040308,47.9,55.5,33.8,23,-8.6,-25.1,-57.8,-50.1,-46.7,-52.1,56.7,-33.8,51.2,11.4
13063040407,55.2,61,33.7,26.9,-7.6,-13.6,-16.3,-37.9,-37.7,-28.5,63.1,-26.7,29.9,7.4
13063040408,58.1,63.2,35.7,28.5,-11.8,-6.1,-28.4,-49.5,-36.9,-19.8,65.9,-19.9,27.1,21.3
13063040409,60.6,65.1,34.2,27.1,-13,-15,-26.1,-37.6,-39.5,-19.3,68.5,-14.3,31.8,12.2
13063040410,53.3,59.6,30.8,12.7,-8.1,-15.3,-34.1,-58.1,-59.5,-31.5,61.4,-21.1,26.9,18.4
13063040411,60.6,65.1,38.7,17.1,-10.2,-3.8,-16.2,-32,-34.4,-12.9,68.5,-8.1,20.9,10.2
13063040412,63.1,63.1,43.1,25.2,-10.6,-25.2,-13.5,-48.7,-39.8,-15.4,67.1,-22.8,39.3,24.3
13063040413,60.6,65.1,36.7,25.6,-10,-9.2,-51.1,-54.6,-45.8,-26.7,68.5,-15.5,24,21.4
13063040414,53.9,57.1,25.6,20.9,-6.9,-36.8,-6.1,-38.3,-41,-42.9,58.9,-21.9,35.8,27.3
13063040415,63,52.6,22.5,17.1,-10.6,-25.9,-39.2,-58.1,-54.2,-32.8,55.2,-29.4,56.5,15.3
13063040416,57.9,58.1,28.2,19.1,-9,-11.1,-26.9,-45.6,-51.8,-35.6,60.5,-28.7,42.1,14.6
13063040417,66.6,60.4,36.6,12.3,-10.6,-8.9,-64.1,-69.9,-59.4,-23.8,64.9,-23.2,41.1,20.4
13063040509,48.5,51.1,26.3,12.5,-10.5,-1.8,-17.9,-20.1,-26.7,-15.4,67.5,-8.6,22,21.5
13063040510,53.3,51.6,23.6,15.8,-13.9,-15.2,-19.7,-40.3,-47.7,-20.3,64.2,-20.2,33.6,14.5
13063040512,63.6,53.4,20.6,26.6,-11.8,-8.9,-34.2,-38.8,-46.6,-13.5,55.9,-14.6,22.7,16.9
13063040513,65.1,55.4,22.6,25.8,-10.1,-13.5,-7.5,-23.6,-34.1,-14.6,57.9,-7.9,23.9,16.7
13063040514,66.7,57.6,21.3,18.7,-12.7,-20.5,-37.8,-47.4,-56.1,-29.3,60.3,-17.9,44,16.6
13063040515,68.4,58.6,29.3,17.7,-10.1,-9.8,-26.3,-37.1,-42.3,-12.3,61.3,-13.9,30.9,22.4
13063040516,68.4,59.5,31.8,18.2,-12.2,-12,-49.6,-51,-59.4,-21.2,64.4,-22.8,30.2,16.3
13063040518,72.3,61.1,34.8,16,-15.9,-20.6,-62.4,-55.5,-49.7,-16.4,63.4,-17.8,46.9,24.8
13063040519,63,52.6,25.2,17.1,-9.2,-6.7,-55,-59.5,-59.2,-17.4,55.2,-16.1,34.4,14.7
13063040520,51.4,51.4,25.3,13.1,-12,-33.6,-39.9,-50.6,-54,-13.2,65.6,-14.9,31,17
13063040521,63,52.6,20.8,18.7,-15.5,-5.9,-47.4,-39.7,-34.7,-30.1,55.2,-20.2,29.2,21.5
13063040522,63,52.6,22.4,21.7,-11.4,-1.4,-30,-61.7,-53.7,-24.4,55.2,-18.3,35.2,26.6
13063040523,66.4,57.1,18.1,26.6,-14.4,-11.5,-27.5,-48.3,-40.4,-16,59.8,-27.5,40.8,9.8
13063040524,65.4,55.9,27,20.5,-9,-27.1,-34.7,-37.7,-36.9,-17,58.4,-16.5,29.2,13.8
13063040525,72.3,61.1,18.8,16,-8.6,-16.1,-23.7,-51.2,-52.4,-11.8,63.4,-17.2,22.9,16.7
13063040526,71.9,60.9,18.8,16,-11.9,-10.6,-52.2,-54.4,-44.7,-15,63.2,-10.1,37.2,15.2
13063040606,66.9,64.4,25.3,12.5,-10,-6.7,-32.8,-46.6,-52.6,-23.8,75.4,-21.8,27.2,13.8
13063040608,66.9,64.4,39.4,12.3,-12.6,-13.6,-15.9,-20.3,-38.1,-7.7,75.4,-7.1,17.5,15.2
13063040609,66.1,60.3,38.8,20.6,-11.4,-11,-1.9,-16.3,-31.2,-16.9,68.4,-8.5,20,13
13063040611,64.4,57.3,34.3,14.3,-9.1,-22.3,-52.6,-62.4,-42.7,-34.5,65.8,-31.6,46.6,21.7
13063040612,66.5,60.4,41.2,12.8,-10.8,-20.2,-55.9,-50.5,-49.7,-22,71.6,-21.4,31.4,15
13063040613,65.2,60.2,39,22.7,-9.9,-6.9,-30.7,-30.3,-49.2,-12,73.7,-11.3,19.1,17.6
13063040614,65.2,60.2,42.8,25.3,-11,-15.1,-20.7,-19.6,-30.5,-10.5,73.7,-12.5,13.8,6.9
13063040615,66.6,60.4,47.3,25.3,-11.3188,-3.8,-37.252,-49.7,-46.8,-14.6,64.9,-10,21.2,11.5
13063040616,66.4,60.6,30.9,25.6,-12.1,-17.1,-34.5,-35.4,-43.8,-13.4,65.1,-11.8,31.2,12.8
13063040617,66.6,60.4,30.7,25.6,-6.1,-28.3,-29.3,-68.5,-33.5,-65.6,64.9,-62.3,44.4,8.4
13063040619,72.3,61.1,35,16,-11.4,-5.7,-43.3,-44.9,-52,-19.9,63.4,-22.1,20.1,12.4
13063040620,72.3,61.1,31.3,13.7,-13.2,-20.1,-40.1,-27.1,-40.3,-9.1,63.4,-7.3,17.2,24.6
13063040621,66.9,64.4,27.1,12.3,-12.9,-11,-26.4,-26.6,-34.9,-13.9,75.4,-15.6,22.8,10.9
13063040622,68.1,63.6,27.8,13.3,-9.3,-11.6,-34,-43.7,-45.7,-30.5,72.8,-14.4,40.3,12.9
13067030101,86.7,84.4,70.7,51.2,-7.1,-10,-19,-22.1,-33.8,-6.8,85,-17.7,19.5,6.6
13067030103,84.5,79.5,63.9,37.9,-6.6,-3.1,-5.8,-21.6,-31.4,-5.6,82.3,-8.8,16.4,8
13067030104,82.9,76,46.0861,29.2,-8.5,-8.4,-6.6,-39.6,-35,-12.2,80.1,-9.8,20.9,13.3
13067030106,82.9,76,44.9895,29.2,-10.1,-7.3,-13.9,-37.4,-45,-8,80.1,-15.2,30,14.6
13067030107,82.9,76,64,34.8,-9.8,-1.9,-1.3,-9.6,-30.2,-3.7,80.1,-8.6,13.9,7.7
13067030209,86.2,87.6,66.9,54.3,-5.1,-1.6,-0.4,-6.1,-18.5,-2.5,87,-3,9.7,7
13067030214,86.1,84.3,63.1,56.1,-7.7,-3.4,-6.9,-16,-27.1,-5.3,85.3,-6.4,16,10.5
13067030215,81.1,79.8,57.7,43.5,-7.5,-19.8,-21.3,-17.6,-26.9,-12.8,84.6,-5.6,21.6,11
13067030218,86.9,83.6,66.8,54.8,-9.1,-2.8,-0.6,-13.7,-22.5,-3.0812,87.3,-4.3,13.8,4.3
13067030219,88.8,86.1,70.5,53.8,-8.2,-3,-5.6,-11.6,-28,-2.9,86.6,-2.4,5,7.1
13067030220,78.5,74.6,70.9,44.6,-10.9,-9.9293,-20.2145,-29.1,-33.6,-6.5,82.9,-6.8,18.2,17.8
13067030222,78.5,74.6,66.7,44.6,-5.7,-11.4,-14.7,-20.5,-32,-3.6,82.9,-6.9,13.1,7.3
13067030223,81.8,75.6,63.1,44.6,-8.1,-8.1,-14.605,-17,-30.7,-4.2,80.9,-6.2,12.4,8.1
13067030224,82.9,76,56.5,42.1,-6.5,-6.4,-2.7,-18.2,-31,-1.7,80.1,-4.1,10.3,7.6
13067030226,82.9,76,60.8,35.4,-7.4,-2.8,-5.6,-19.2,-31,-2,80.1,-4,10.4,7
13067030227,82.9,76,56.6,43,-5.7,-16,-11.3,-20.1,-35.9,-9.4,80.1,-8.8,31.6,13.8
13067030228,79,75,69.1,40.2,-6,-24.7,-24.3,-30.1,-47,-8.4,82.7,-8.1,27.9,10.2
13067030229,82.9,76,56.5,44.5,-6.7,-34.5,-22.1,-14.1,-38,-13.8,80.1,-7.3,21.1,16.9
13067030230,80,78.6,48.4,28.3,-9.5,-12.8,-19.8,-19.7,-35,-9.9,83.7,-6.4,24.4,10.4
13067030231,87.4,84.3,64.1,42.4,-7.3,-1.7,-2.2,-9.7,-19.4,-3.2,87.6,-2.7,4.1,6.5
13067030232,86.2,87.6,45.8,54.3,-7.9,-3.5,-13.1,-11,-27.6,-3.2,87,-6.9,11.9,10.1
13067030233,86.2,87.6,53.2,54.3,-5.9,-1,-2.9,-6.6,-22.2,-5.0759,87,-2.6,8.9,7.6
13067030234,85.8,86.3,69.4,56.5,-7.8,-2.1,-2.8,-7,-28.6,-4.1,85.6,-0.7,8.2,5
13067030235,86.2,87.5,70.8,54.1,-4.6,-3.0585,-8.7,-13.7,-20.1,-3.3,86.8,-5.5,6.8,6.9
13067030236,96.2,89.7,77.9,53.5,-7.4,-2.9,-2.6,-3,-28.5,-4.7,91.3,-0.7,3.5,4.3
13067030238,96.2,89.7,69.8,58.9,-6.9,-1,-11.8,-12.8,-26.5,-6.2,91.3,-6.2,5.9,6
13067030239,96.2,89.7,76.6,58.4,-7.8,-0.8,-7.1,-7.7,-27.9,-5.1,91.3,-5.6,9.3,6.2
13067030310,78.7,74.8,68.5,36.6,-7.3,-11.1,-10.3,-21.2,-34.9,-9.7,82.8,-7.8,20.1,7.6
13067030311,79.4,75.7,75.7,37,-8.7,-1,-6.6,-8.9,-18.3,-4.5,83.1,-4.3,13.3,7.3
13067030312,80.9,76.6,66.5,29.1,-5.8,-21,-19.9,-21,-29.8,-4.6,82.1,-5.1,16.5,10.3
13067030313,80.8,76.6,66.3,26.8,-7.6,-14.3,2.2703,-10.5,-27.6,-4.5,82.1,-4.5,12.4,9.9
13067030314,86.7,85.7,68.6,68.3,-6.3,-8.5,-6.9,-15.6,-29.1,-3.1,87.9,-5.7,16.4,7.6
13067030318,87.2,85.1,81.6,62.1,-9.6,-5.1,-2.9,-10.2,-32.3,1.8932,90,-1.8,5.3,7.2
13067030319,92.7,89.7,82.7,74.6,-11.3,-7.3,-6.1,-10.1,-30.6,1.2673,94.4,-0.8,5.9,6.5
13067030320,75.3,75.2,66.2,35.9,-11.4,-1.9,-16,-9.8,-33.1,-2.7112,81.2,-0.9,8.9,3.2
13067030322,91.5,93,73.3,67.6,-6.2,-3.7,-1.3,-10,-22.9,-5.8291,92.3,-4.6,11.9,6.2
13067030324,78.5,74.6,78.9,36.1,-7.9,-21.9,-9.1,-8.7,-23.2,-3.7,82.9,-6.1,16.3,7.8
13067030326,91.5,93,76.7,67.1,-6.22,-2.3,-3.8,-4.5,-21.7,-3.2586,92.3,-1.9,12.4,4
13067030327,88,88.8,70.6,70.7,-6,-4.2,-7.2,-5.3,-22.6,-3.9137,92,-1.6,14,5.6
13067030328,88,88.8,82.7,70.7,-7.1,-0.9,-1.1,-2.4,-24.7,-0.609,92,-2.8,5,6.4
13067030329,88.4,86.3,74.7,72.7,-6.5,-13.5,-12.5,-7.2,-18.5,-5.7768,90.8,-4.7,10.8,6.6
13067030330,90.3,89.2,79.9,74.9,-6,-2.2,-5.3,-6,-29.7,-1.3406,93.1,-2.7,8.6,7.6
13067030331,88.6,88.9,82.4,73.1,-11.2,-4.9,-1.6,-6.8,-25.9,0.7044,92.3,-1.9,5.7,3.6
13067030332,92.7,89.7,82.7,74.9,-8.5,-1.8,-2.9,-5.7,-24,-4.6762,94.4,-4,5.6,6.6
13067030333,88.3,86,77.4,64.1,-3.4,-2.1,-7.6,-9.9,-19.9,-1.159,90.9,-1.4,6.7,8.7
13067030334,92.7,89.7,81.8,74.6,-11.3,-8.2,-8.7,-3.7,-28,-1.5377,94.4,-4.1,5,7.6
13067030335,89.4,89.1,89.4,72.4,-5.7,-1.4,-3.2,-6.8,-22,-1.5685,92.6,-0.7,3.2,4.7
13067030336,91.8,89.5,88.1,74.7,-6.9,-3.8,-4.8,-8.7,-27.6,-2.4,93.8,-3.1656,2,7.4
13067030337,92.7,89.7,82.1,74.6,-6.1,-3.2,-3.2,-6.4,-26.2,1.4109,94.4,-1.5,5.1,4.5
13067030339,70.5,71.2,30.1,25.8,-8.3,-2.9,-7.88,-13.5,-32.3,-1.4,78,-2.4,16.2,3.4
13067030340,91.5,93,73.1,67.5,-6.2637,-6.4,0.0937,-3.3,-13.2,-3.9588,92.3,-2.3,6.7,7
13067030341,91.5,93,74.2,67.3,-7,-2.9,-5.4,-6.6,-24.8,-3.4504,92.3,-1.2,9,7.2
13067030342,91.5,93,75.6,67.5,-4.2,-2.2,-1.3,-5.6,-27.2,-2.1232,92.3,-2.1,9.7,4
13067030343,90,91.2,82,69.2,-12.8,-6,-1.5,-4.7,-22.5,-1.8182,92.1,-2.4,6.8,3.2
13067030344,70.5,71.2,30.1,25.8,-8.4,-16.1,-29.8,-31.7,-38.6,-4.9,78,-2.8,26.9,14.9
13067030345,70.5,71.2,30.1,25.8,-11.6,-22,-48.4,-44,-36.4,-15.1,78,-11,27.1,8.8
13067030405,70.9,70.6,39.4,24.7,-10.4,-16.4,-26.8,-36.6,-43.4,-8.6,77.2,-9.5,40.6,13.5
13067030407,70.5,71.2,54.1,25.8,-6.8,-2.6,-4.9,-16.5,-24.7,-6.5,78,-4.7,10.3,6
13067030408,70.5,71.2,44.1,25.8,-9.2,-16.6,-25.6,-16.4,-27.2,-5,78,-5.7,25.2,8.5
13067030409,82.8,81.5,72.4,50.7,-8.9,-2.4841,-2.9,-14.7,-25.1,-4.7204,86.6,-3.6,5.6,5.9
13067030410,72,71.6,49.1,25.4,-7.9,-28.3,-10.6,-30.8,-43,-6.6,78.1,-3.7,22.8,13.7
13067030411,71.4,69.6,23.8,23.5,-8.4,-18.5,-51.4,-63.7,-55,-35.2,75.8,-21.7,40.4,16.3
13067030412,71,70.3,33.2,24.3,-8.6,-36.6,-39.2,-60.3,-50.6,-20.3,76.8,-18.5,42.7,13
13067030413,70.6,71,30.5,25.3,-8.7,-35.6,-63.5,-55.9,-42.1,-10.8,77.7,-12.3,50.2,14.5
13067030414,70.6,71.1,36.9,25.5,-6.4,-19.6,-53.4,-63.4,-54.8,-20.7,77.8,-15.8,65.7,18.3
13067030502,78.6,74.9,59.6,49.1,-5.3,-5.7,-5.7,-16,-21.4,-9,80.6,-6.3,15.1,10.8
13067030504,76.4,74.2,49.6,36.9,-8.9,-9.8,-10.3,-36.3,-36.3,-18.8,80.2,-15.9,29.7,13
13067030505,70.8,70.6,43.2,24.8,-9.6,-21.8,-22.2,-54.5,-52.1,-18.2,77.3,-13.1,43.2,5.2
13067030506,78,74.5,54.7,25.5,-9.4,-12.3,-6.6,-23.5,-29.3,-20.8,80.2,-10.6,20.9,6.7
13067030507,80.7,76.4,69.2,26.5,-9.3,-1.1,-5.2,-19.7,-37.7,-4,81.9,-6.4,21.5,10.4
13067030601,79.3,75.6,58.7,26,-8.6,-28.5,-28.7,-33,-40.4,-6.1,81.2,-3.9,18,9.4
13067030602,72.6,70.9,61.4,24,-6.4,-3.5,-1,-16.4,-37.2,-3.4,77,-4.2,10.4,10.3
13067030700,71.4,69.6,52.8,23.5,-9.6,-11.2,-21.7,-45.9,-42.4,-27.8,75.8,-27.5,35.2,8.9
13067030800,71.4,69.6,21.1,23.5,-6.8,-18.5,-41.1,-58.9,-50.7,-44.1,75.8,-30.3,39.7,11.2
13067030901,74.6,73.6,42,29.1,-9.2,-5.8,-21.8,-25.1,-40.8,-8.1,77.9,-9.1,22.6,13.3
13067030902,66,64.3,21.5,23.3,-10.9,-32,-35.4,-55.1,-35.4,-39.7,66.8,-29.4,49.3,13.4
13067030904,67.9,66.2,28.4,23.2,-8.3,-8.4,-45.1,-62.2,-51.2,-30.8,69.7,-22.4,50.2,15.7
13067030905,57.9,56.3,39,21.9,-8.3,-16.5,-41.9,-35.1,-33,-22.2,55.8,-21,34.6,11.6
13067031001,62.7,61.2,21.7,23,-7.2,-34.9,-56.8,-69.7,-47.9,-47.5,64.4,-43.7,73.2,15.7
13067031002,59.7,58.1,22.6,22.6,-8.5,-13.1,-40,-61.7,-51.3,-37.9,58.1,-28.5,49.2,18.1
13067031004,57.9,56.4,28,23.8,-7.6,-24,-39.3,-56.7,-48.7,-29.4,56.3,-32.5,50,16.3
13067031005,56.8,55.2,34.4,22.9,-9.5,-22.1,-27.7,-41.7,-38.1,-26.4,54.5,-26.9,37.3,13
13067031101,66.1,64.6,30.6,23,-5.1,-11.4,-35.6,-54.5,-42.6,-34.4,71,-30.2,47.5,13
13067031106,61.3,59.9,39.8,24.7,-8.5,-27.1,-25.9,-24,-31,-11.6,66.4,-10.3,26.4,12.2
13067031108,66.1,64.6,38.1,23,-9.5,-5.5,-37.9,-46.7,-50.8,-10.6,71,-8.5,26.9,11.7
13067031110,66.1,64.6,38.1,23,-8.4,-20.7,-30.1,-31.4,-39.5,-14.3,71,-25.8,32.5,7.9
13067031111,66.1,64.6,41,23,-12.3,-3.1,-12.2,-9.4,-27.4,-2.9,71,-3.3,12.5,4.8
13067031112,66.1,64.6,51.8,23,-8.2,-1.5,-3,-14.2,-33.4,-3.2,71,-4,11.3,6.2
13067031113,71.4,69.6,28,23.5,-11.2491,-30.4,-59.6,-85,-49.3,-18.3,75.8,-10.9,48.8,9.6
13067031114,66.1,64.6,38.2,23,-7.3,-19.9,-48,-48.2,-40.2,-18.9,71,-10.7,35.7,9.9
13067031115,61.4,59.9,33.5,24,-6.4,-9.2,-55.8,-29,-33.7,-18.9,62.2,-10.2,26.1,6.7
13067031116,66.1,64.6,33.1,23,-9.7,-19.4,-57.8,-69.2,-46.7,-28.6,71,-13.5,41.6,23.6
13067031117,65.1,63.6,62.4,23.3,-5.8,-16.4,-18.3,-10.6,-16.3,-5.5,69.4,-2.6,7.9,4.6
13067031118,66.1,64.6,67.8,23,-8.5,-12.2,-10,-19,-34.2,-2.8,71,-6.6,21.7,8.7
13067031205,66.1,64.6,50.5,23,-8.2,-6.4344,-4.4,-13.8,-32,-2.8,71,-2.5,10.2,7.7
13067031206,66.1,64.6,50.8,23,-7.1,-4,-6.4,-9,-25.8,-2.3,71,-8.4,18.4,8.3
13067031207,66.1,64.6,62.2,23,-6.7,-13.1241,-9.2941,-12.2,-40.1,-5.1783,71,-0.8,19.6,3.8
13067031208,66.1,64.6,56.4,23,-7.8,-0.4,-17.8,-10.7,-21.8,-2.5,71,-1.5,11.1,7.9
13067031209,66.1,64.6,54,23,-9.9,-1.5,-0.9,-11.6,-29.4,-1.3,71,-3.1,7,5.8
13067031211,66.1,64.6,62.2,23,-5,-40.3,-5.0361,-6.7,-36.4,-3.1,71,-8.4,23.4,3.3
13067031212,66.1,64.6,62.2,23,-12,-2.1,-3.9616,-7.4,-21.9,-5.4,71,-1.2,11.2,2.7
13067031306,64,62.7,30.6,23,-11.4,-30.1,-19.5,-33.4,-36.5,-22.8,74,-18.9,29.8,12
13067031307,64.1,63.1,35.3,23.2,-8.8,-7.5,-16.1,-14,-25.1,-7.4,73.4,-6.8,19.5,7.9
13067031308,62.8,64.4,29,16,-8.4,-14.8,-48.2,-42.8,-43.7,-28.5,71.3,-16.8,36.5,12.8
13067031309,63,64.1,30.2,15.7,-8.8,-18.9,-17.1,-37.8,-32.8,-21.9,71.7,-21,34.3,14.4
13067031310,62.8,64.4,26.5,15,-9.6,-15.5,-50.2,-69.8,-59.3,-24.4,71.2,-23.8,43.5,19.6
13067031311,62.8,64.4,26.1,15,-10.6,-9.5,-42.5,-58.9,-48.1,-25,71.2,-19.4,44.4,11.4
13067031312,62.8,64.4,31.7,15,-8.1,-21,-37.7,-35.7,-40.5,-15.6,71.2,-18.3,23.1,11.7
13067031313,64.1,64.5,44.3,18,-8.9,-4,-3,-15,-24.7,-2.2,71.1,-4.5,9.4,6.9
13067031404,64,62.7,30.7,19.9,-9.8,-8,-8.5,-14.8,-27.5,-13.3,74,-8.6,16.5,7.1
13067031405,60.4,58.9,36.2,22.8,-8.4,-7.6,-31.8,-26.6,-37.4,-12.8,63.8,-16.1,32.8,14.3
13067031406,64,62.7,26.8,18.2,-10.5,-4.7,-33.9,-32.4,-42.1,-11.4,74,-8.9,25,12.7
13067031408,68.4,64.9,38.8,19.9,-10.4,-27.6,-23.3,-42,-38.2,-15,73.5,-18.1,23.1,14.9
13067031409,64.4,62.9,38.8,21.6,-11.8,-5.1,-29.5,-35,-50.2,-11.5,73.9,-6.5,27.3,12.2
13067031503,71.4,65.2,33.5,25.3,-9.8,-0.7,-23.6,-25.1,-38.4,-16.4,64.6,-15.3,19.1,11.6
13067031505,81.1,71.3,42.2,26.4,-4.9,-7.3,-19.2,-30,-31.2,-7.8,72.1,-9.9,23.2,17.4
13067031506,81.4,71.4,37.7,28.7,-7.5,-4.2,-14.2,-32.9,-30.7,-11.8,72,-18.4,28.1,8.4
13067031507,81.3,71.4,29.2,29.3,-12.8,-8.6,-37.9,-43.2,-42.1,-12.4,72,-13.3,29,18.1
13067031508,81.4,71.4,54,29.3,-9.9,-4.8,-8.8,-8.9,-35.6,-8.7,72,-3.1,9.5,16.5
13067031509,80.9,71.2,36.6,24.1,-11.4,-10.8,-17.5,-23.6,-30.4,-7.6,72.1,-10,17.6,12.1
13077170100,83.8,70.8,38,30.4,-6.3,-11.3,-31.5,-26.2,-39.8,-10.5,65.6,-14.1,15.3,8
13077170200,83.8,70.8,51.9,25.7,-5.7,-6.5372,-18.1,-39.1,-39.7,-18,65.6,-17.8,19.5,9.2
13077170303,84.3,72.4,53,44.3,-4.4,-2.3,-12.5,-11.6,-20.1,-4.4,68,-7.5,9.6,6.7
13077170304,84.4,73,54,33.2,-6.6,-11.7,-4,-16.1,-29.1,-6.6,68.9,-5.8,15.5,4.3
13077170305,82.3,73.3,42.8,34.3,-9.5,-8.1,-29.5,-44,-45.2,-19.8,71.9,-20.7,30.5,9.6
13077170306,79.3,70.8,50.5,29.3,-7.4,-3,-37.8,-31.8,-29.4,-7.4,70.8,-5,12.8,7.8
13077170402,86.2,78.8,64.3,43.7,-7.3,-2.4,-7,-12.8,-23.5,-15.1,77.4,-9.6,11.4,4.5
13077170403,86.2,78.8,59.5,44.5,-6,-3,-6.1,-16.3,-37.4,-8,77.4,-7.1,12.1,7.9
13077170404,86.2,78.8,61.4,34.7,-6,-9.5,-2.2,-7.8,-26.7,-6.3,77.4,-4.2,11.6,9.1
13077170405,78.2,69.6,55.1,34.7,-7.4,-11.5,-16.6,-18.6,-30.4,-6.6,69.7,-11.1,19,11.3
13077170406,86.2,78.8,64.8,34.8,-6.4,-2.5,-2.3,-15.3,-23.6,-8.3,77.4,-8.3,7.4,10.5
13077170501,78.2,69.6,53.7,39.5,-5.2,-12.8,-13.1,-22.7,-30.2,-7.5,69.7,-11.5,16.7,11.6
13077170502,78.2,69.6,46.2,38.7,-5.4,-11.5,-16.4,-19.6,-29.2,-3.8,69.7,-11.8,9.9,7.1
13077170503,78.2,69.6,49.8,38.7,-6.7,-7.4,-10,-14.1,-29.1,-6.5,69.7,-10.1,14.8,7.8
13077170601,80.5,70.1,44.7,40,-9.9,-6.3,-55.7,-48.9,-27.8,-27.3,68,-29.5,20.7,9.3
13077170602,78.2,69.6,48.7,39.8,-8.8,-4.6574,-1.6,-3.8,-25.1,-3.1,69.7,-3.1,1.2,3.5
13077170603,78.2,69.6,48.4,39.7,-7.9,-4.8,-14.6,-20.2,-23.7,-6.1,69.7,-11.5,12,5.3
13077170700,83.8,70.8,37.5,35.8,-10.1,-9.4,-33.5,-47.2,-38.9,-22.2,65.6,-19.8,28.5,16.8
13077170801,83.8,70.8,43.4,40.9,-9,-0.9,-21.5,-29.4,-29.4,-14.1,65.6,-15.4,20.8,11.9
13077170802,82.6,70.5,51.7,40.4,-7.3,-13.7,-21,-34.3,-33.8,-10.2,66.5,-16.6,21,9.9
13089020100,82,70.7,88.3,56.7,-10.3,-0.9549,-1.5,-3.4,-22.5,-8.7,80.2,-0.9,1,3.6
13089020200,82.4,71.1,83.4,58.3,-7,-7.3,-2.9,-2.6,-33.3,0.6313,80.4,-0.8,8.8,8
13089020300,82.4,71.1,78.6,58.3,-5.4,-7.6367,-5.7,-3.3,-25.3,0.7568,80.4,-2.1,6.5,2.4
13089020400,82.4,71.1,78.6,58.3,-7.6,-10.062,-2.4294,-5.8,-23.8,-4.1955,80.4,-0.9,13.5,7.6
13089020500,68.5,57,30.3,22.1,-12,-10.1817,-18.5,-36.7,-37,-8.5,50.8,-15.8,21.6,8.1
13089020600,68.5,57,31.3,22.1,-10.8,-12.8,-66.1,-41.1,-50.3,-17.2,50.8,-11.3,16.6,9.2
13089020700,68.5,57,21.2,22.1,-9.6,-9,-6.7,-20.7,-43.2,-10.4,50.8,-13.2,11.4,8.1
13089020801,68.5,57,21.2,22.1,-8.6,-12.6,-22.8,-18.2,-38.7,-6,50.8,-11.1,17.4,12.2
13089020802,68.5,57,21.2,22.1,-11.7,-1.5,-26.3,-29.8,-34.2,-7.9,50.8,-11.3,17.4,10.3
13089020900,68.5,57,39.4,21.8,-9.1,-7.4065,-4,-37.8,-41.2,-8.4,50.8,-15.7,21.2,9.7
13089021101,83.5,79.8,76.7,46.3,-12.3,-6.8127,-3.6,-8.4,-31.1,-1.3551,87.1,-3.4,5.7,3.7
13089021102,83.5,79.8,62.9,46.3,-8.1,-5.9,-13.3,-9.8,-27.6,-3.6954,87.1,-3.1,6.3,2.7
13089021202,83.5,79.8,76.9,46.3,-10.6,-1.7,-10,-5.8,-27.8,-1.9,87.1,-1.4,7.1,12.5
13089021204,49.4,68.2,19,12.2,-6.2,-23.4,-47.2,-74.1,-43.5,-78.7,45.3,-76.2,90.1,6.5
13089021208,83.5,79.8,58.3,46.3,-5.9,-13.1,-30.7,-16,-40.4,-15.1,87.1,-11,29.9,17
13089021209,83.5,79.8,75,46.3,-5.7,-8.759,-1.8,-15.6,-24.7,-2.8,87.1,-6.5,6.9,2.9
13089021210,78.6,73.6,76,32.4,-8.4,-0.4,-3.1,-8.6,-21.8,-2.6439,81.2,-1,4.8,8.9
13089021211,78.6,73.6,52.5,32.4,-10.2,-1.2,-4.3862,-5,-23.4,-3.3176,81.2,-1.3,8.2,6.7
13089021213,78.6,73.6,83.8,32.4,-10,-1.2,-2.8,-5.7,-25.5,-1.5859,81.2,-1.1,1.2,4.9
13089021214,78.6,73.6,83.6,32.4,-8.2,-5.1,-4,-10.8,-26.4,-7.1032,81.2,-6.3,10.7,3.4
13089021215,78.6,73.6,76.6,32.4,-8.9,-22.6,-6.2,-12.5,-30.9,-1.2,81.2,-1.9,8,6.1
13089021216,78.6,73.6,73,32.4,-10.9,-14.3,-19.6,-12.6,-39.4,-1,81.2,-2.9,12.1,9.6
13089021217,78.6,73.6,60,32.4,-9.8,-10.1,-11.7,-19.8,-30.9,-6.4335,81.2,-5,14.4,14.5
13089021218,78.6,73.6,64,32.4,-10.7,-3.1,-41.3,-23.1,-35.3,-5.3,81.2,-6.3,19.1,7.7
13089021301,80.4,78.7,51.5,40.7,-7.8,-13.8,-29.6,-32.9,-48.6,-28.3,84,-24.5,45.2,5.4
13089021303,47.2,67.4,21.1,11.1,-8.2,-24.6,-47.9,-61.5,-54,-41.2,41.8,-35.6,54.2,11.5
13089021305,78.6,73.6,54.5,32.4,-6.6,-14.1,-49.6,-43.4,-50.4,-36.1,81.2,-38.6,61.1,11.1
13089021306,78.1,73.5,28.2,31.9,-7.2,-21.1,-33.7,-58.5,-44.4,-38.4,80.8,-30.2,54.8,11.4
13089021307,47.2,67.4,21.1,11.1,-5.5,-19.2,-49.3,-47.9,-53.4,-40.3,41.8,-40.5,54.1,8.3
13089021308,47.2,67.4,15.1,11.1,-9.2,-6.8,-54,-41.1,-42.5,-45,41.8,-34.8,46.9,2.8
13089021405,79.4,78.4,44.1,39,-8,-6.4072,-13.2,-10,-26.1,-7,82.9,-5.6,10.1,5.2
13089021409,47.2,67.4,15.1,11.1,-8.8,-16.7,-68.3,-47.5,-34.5,-46.7,41.8,-28.9,61.2,9.7
13089021410,47.2,67.4,16.1,11.1,-5.3,-22.3,-74.5,-54.1,-42.8,-48,41.8,-34.4,47.2,5.2
13089021411,83.5,79.8,62.9,46.3,-8.2,-6.1137,-9,-12,-21.9,-1.5985,87.1,-1.5,7.4,4.7
13089021412,83.5,79.8,62.9,46.3,-7.4,-10.2,-1.8,-5.4,-23.4,-9.5,87.1,-7.3,11.3,3.6
13089021413,51.8,69,22.3,13.4,-5.6,-37.3,-62.9,-61.9,-52.4,-52.2,48.8,-34.1,66.5,9.8
13089021414,47.2,67.4,21.4,11.1,-8.3,-15.8,-51.7,-49.7,-44.9,-41.6,41.8,-30.1,51,4.4
13089021415,47.2,67.4,16.6,11.1,-9.3,-22.7,-38.3,-27.3,-35.7,-17.8,41.8,-10.3,16.4,6
13089021416,47.2,67.4,16.6,11.1,-7.6,-5.2,-49.1,-57.8,-35.6,-42.4,41.8,-28.3,56.7,8.1
13089021417,47.2,67.4,16.6,11.1,-6,-35.8,-65.5,-67.4,-53.2,-50.6,41.8,-25.8,50,8.4
13089021502,75.9,64.5,36.4,29.9,-7,-3.1,-33.7,-16.3,-36.8,-3.5,76.8,-3.2,5.5,9.3
13089021503,75.9,64.5,36.4,29.9,-6.2,-9.2,-10,-34.8,-34.9,-12.2,76.8,-11.9,27.3,11
13089021504,75.9,64.5,36.4,29.9,-6.1,-2.1,-42.1,-15.2,-45.9,-4.2,76.8,-3.4,5,5
13089021602,77.2,71.1,64.2,32.6,-6.4,-4.3889,-13.1,-11.1,-33.6,-2.1704,84.1,-3.2,7.1,10.4
13089021603,77.2,71.5,58.8,32.7,-8.5,-10.9108,-2.3,-10.7,-40.8,-4.7,84.4,-1.9,10,4.2
13089021604,77.4,72.4,66,33,-6.9,-3.8819,4.0144,-3.5,-13.5,0.2125,85.5,-0.5,2,4.5
13089021605,77.4,72.4,63.4,33,-8,-5.3,-32.1,-27.9,-48.4,-11.9,85.5,-4.7,22.6,10.6
13089021703,77.4,72.4,66.5,33,-4.3,-3.1208,-3.2,-7.7,-17.3,-2.9786,85.5,-3,6.4,12.1
13089021704,76.4,71.2,65.9,32.2,-6.6,-7.7,-9.6,-13.1,-27.5,-4.5,85.2,-2.7,15,6.1
13089021705,77.4,72.4,51.1,33,-9.1,-15,-24.2,-24.5,-39.4,-27.6,85.5,-9.5,29.8,10.2
13089021706,77.4,72.4,57.5,33,-5.8,-11.9133,-15.6,-11.7,-33,-7.4,85.5,-4.1,13.9,4
13089021805,68.4,61.9,34.9,25.3,-11.3,-6.4,-21,-32,-40.4,-10.8,82.5,-8.3,27.2,7.3
13089021806,68.6,62.1,40,25.3,-7.5,-15.4,-52.1,-51,-46.7,-30.8,82.8,-15.6,36.7,16.5
13089021808,77.4,72.4,45.1,33,-8.6,-4.9,-17.5,-21.8,-31.1,-11.4,85.5,-6.7,16.1,4.6
13089021809,69.6,63.3,61.9,26.2,-6,-5.3,-8.8,-8.4,-21.9,-3.4,83.1,-4.2,9.5,9.5
13089021810,71,64.9,55.4,27.5,-9.9,-2.4,-10.5,-10.1,-29.9,-3.5,83.6,-3.1,14.7,11.2
13089021812,74.2,68.7,46.3,30.3,-8.8,-9.5,-17.3,-24.5,-35.1,-22.9,84.7,-10,25.3,7.7
13089021813,77.4,72.4,24.5,33,-11.2,-21.2,-35.4,-63.1,-66.3,-29.1,85.5,-29,57.9,15.1
13089021814,76,70.8,28.8,31.9,-7.8,-35.6,-45.2,-64,-48.8,-35.6,85.2,-21.1,50.3,11.5
13089021906,59.4,51.2,22.9,21.3,-14.1,-12.8,-17.1,-42.2,-50,-16.7,72.4,-13.2,31.2,22.7
13089021907,69.2,61.6,23,24.8,-10.5,-7.7,-25.7,-25.4,-31.7,-11.6,78.2,-6.5,22.2,15.8
13089021908,59.4,51.2,31,21.3,-13.3,-6.8,-56.9,-51.6,-43.6,-21.8,72.4,-12.5,27.3,21.8
13089021909,55,53.2,30.7,13.6,-9.9,-8.4,-68.3,-48.3,-47.9,-14.9,69.3,-9.4,29.4,25.6
13089021910,63.6,56.2,25.9,22.9,-10.2,-17.5,-24.5,-33.2,-46.2,-10,76.7,-9.2,29.3,14.6
13089021911,59.4,51.2,30.4,21.3,-10.6,-36.2,-51.4,-78.3,-68.9,-16.9,72.4,-8.2,58.2,33.5
13089021912,68.6,62.1,41.3,25.3,-6.1,-12.2,-6.0021,-9.9,-39.8,-3.2524,82.8,-2.4,9.8,11.3
13089021913,59.4,51.2,21.4,21.3,-12.5,-3.7,-36.4,-69.3,-43.4,-13,72.4,-8.6,53.4,14.1
13089022001,72.4,63.3,38.3,27.5,-9.5,-13.8,-52.3,-27.2,-35.4,-5.4,79.3,-11.5,22.5,12.6
13089022004,54.2,53.6,24.1,12.2,-9.5,-12.6,-39.1,-45.5,-41,-20.5,68.6,-16.7,36.5,19.7
13089022005,57.3,56.8,25.4,11.7,-7,-21.2,-42.6,-52.8,-46.9,-31.6,69.7,-25.9,33.5,16.2
13089022007,51.9,54.6,20,8.1,-8.2,-18.3,-47.7,-65.4,-47.9,-32.9,65.6,-33.9,47.4,28.6
13089022008,51.9,54.6,18.3,8.1,-8.8,-11.4,-54.2,-63.5,-50.4,-55.8,65.6,-38.1,39.3,20.7
13089022009,68.6,62.1,17.7,25.3,-9.7,-26.5,-46.3,-66.5,-53.3,-23.3,82.8,-17.2,48.6,23.5
13089022010,51.9,54.6,20,8.1,-8.8,-11,-62.3,-52.6,-49.6,-36.9,65.6,-25.9,47.6,13.1
13089022100,74.5,63.9,21.2,28.1,-14.2,-8.6,-65.7,-58.6,-37.8,-17.7,76.5,-10.2,33.6,23.2
13089022203,75.9,64.5,32.8,29.9,-9.6,-9.7,-50.7,-38.4,-45.1,-11.2139,76.8,-4.6,18.2,14.4
13089022204,75.9,64.5,30.2,29.9,-8.2,-4.7,-33.6,-42.7,-43.9,-21.3,76.8,-19.7,32,8.8
13089022301,75.9,64.5,74.5,29.9,-4.7,-3.4,-7.2,-16,-38.8,-2.2682,76.8,-4.6,8.8,9.8
13089022302,75.9,64.5,65.5,29.9,-6.9,-4.2,-17.6,-28.7,-36.1,-7.2,76.8,-5.2,20,11.2
13089022401,75.9,64.5,77.5,29.9,-9.5,-9.8793,-5.9,-12.8,-35.5,-1.3458,76.8,-3.1,8.4,3.7
13089022402,75.9,64.5,80.8,29.9,-10.8,-41.3,-10.5229,-4.9,-75.8,-6.6,76.8,-3.3959,10.8,8.3
13089022403,75.9,64.5,83.3,29.9,-5,-4,-9.1,-7.4,-26.9,-0.4837,76.8,-1.4,5.3,4.2
13089022500,89.2,87.1,85.4,52,-8.9,-14.7,-29.1,-14.2,-37.7,-7.9,84.9,-4.8,6.2,8.6
13089022600,89.2,87.1,81.4,52,-8.4,-4.5,-3.4,-10.3,-38.5,0.5144,84.9,-1.1,8.9,4.6
13089022700,89.2,87.1,84.4,52,-8,-1.3,-8.6,-13.8,-38.7,-3.9,84.9,-8.9,5.9,9.2
13089022800,89.2,87.1,80.9,52,-5.2,-4.3,-17.3,-19.8,-28.2,-7.5928,84.9,-3.3,13,13.3
13089022900,76.7,66.2,30.8,31.4,-7.7,-11.3,-25.3,-31.3,-37.6,-5.8,77,-6.9,17.6,13.6
13089023000,75.9,64.5,25.6,29.9,-8,-1.9,-8.5343,-4.6,-39.5,-1.1207,76.8,-1.7,12.9,18.8
13089023101,53.7,57,10.3,4.8,-11.3,-4.7,-19.2,-37.2,-50.3,-13.9,56.8,-20.4,24.3,22.7
13089023102,64.4,60.6,17,13.7,-13.8,-4.9,-31.1,-38.8,-45.1,-15.1,68.1,-15.9,25.2,15.4
13089023107,55.8,57,12.7,5.6,-13.4,-8.1,-37.6,-49.7,-60.5,-20.7,63.5,-18.8,26.4,16.9
13089023108,58.6,57,16.9,6.6,-12,-7.6,-57.8,-52.4,-53.5,-22.3,71.5,-18.7,35.1,26.6
13089023111,53.7,57,26.3,4.8,-16.2,-24,-27.2,-29.3,-39.4,-18.8,56.9,-16.1,32.1,21.1
13089023112,53.7,57,19.7,4.8,-12.6,-3.4,-69.3,-66.1,-56.8,-19.1,56.8,-15.5,34.8,22.6
13089023113,70.2,62.6,21.2,20.7,-14.3,-9.2,-40.1,-55.1,-58.8,-22,72.9,-19.9,36.9,23.4
13089023114,51.9,54.6,31.5,8.1,-14.7,-2.8,-26.8,-33.7,-44,-17.9,65.6,-13.1,32.4,26.1
13089023115,53.7,57,11.1,4.8,-10.5427,-20.0913,-53.5748,-59.074,-50.9054,-37.119,56.8,-30.8,48.765,14.8819
13089023204,52.4,54.4,27.6,9,-11.4,-7.7,-27.5,-36.9,-38.7,-13.7,66.3,-13.3,18.8,21.7
13089023206,55,57.4,26.2,6.7,-9.8,-12.5,-24.2,-32.9,-51.2,-12.8,66.3,-8.8,27.3,23.6
13089023208,75.5,58.5,19.3,13.2,-14.2,-2,-36.9,-40.6,-49.6,-12.7,75,-8.4,26.6,14.7
13089023209,77.9,59.6,22.9,11.6,-11.7,-3.6,-9.2,-25.5,-29.3,-12.3,75.4,-7.9,22.8,20.3
13089023210,70.6,60.5,24.3,9.2,-13.6,-6.6,-28.7,-35.8,-47.5,-7.6,75.7,-8.6,24,19.5
13089023211,59.5,60.4,23.8,8.1,-12.5,-17.7,-11.9,-21.5,-34.3,-12,75.6,-5.4,22.5,21.8
13089023212,60.9,60.4,17.2,8.2,-12.6,-8.1,-22.5,-38.4,-42.6,-9.5,75.6,-7.8,28.9,26.4
13089023213,53.7,57,19.2,4.8,-11.2,-13.2,-26.8,-40.1,-55.9,-12.8,56.8,-11.7,17.1,13.1
13089023214,59.5,60.4,25,8.1,-13.9,-13,-22.3,-33.7,-44.7,-10.4,75.6,-13.2,33,15.2
13089023303,67.2,59.1,17.7,17.2,-10.2,-20.3,-36.1,-51.4,-50,-20.1,59.9,-17.6,27.2,18.6
13089023306,71.9,62,31.7,19.6,-12.2,-7.2,-17.3,-30.8,-41.7,-6.4,73.1,-7.6,25,12.5
13089023309,61.8,60,13.2,11.4,-11.7,-10,-27.4,-43.9,-47.2,-12.6,71.3,-7.6,33.4,17.8
13089023310,63.9,59.7,13.3,14,-14.4,-10.6,-48.2,-55.2,-58.7,-10.7,67.2,-13.4,27,21.7
13089023311,71.9,64.5,30.8,26.2,-10.3,-4.1,-26.3,-27.6,-33.6,-9.5,79.9,-4.1,20.6,17
13089023312,76.3,62.3,29.1,17,-10.7,-15.7,-30.3,-29.1,-48.4,-7.2,77.6,-5.4,22.3,14.3
13089023313,67.2,59.1,15.7,17.2,-13.6,-9.1,-33.5,-38.9,-46.3,-13.6,59.9,-14.3,25.5,20.1
13089023314,77.9,60.3,14.9,11.6,-17.1,-7.4,-7.1,-33.5,-45.6,-9.7,73.5,-7.1,24,18.2
13089023315,69.4,61.7,30.2,20.5,-11.8,-8.9,-4.8,-22.9,-39.9,-7,70,-1.7,19.6,10
13089023316,71.9,64.5,29.3,26.2,-11.9,-4,-1.7,-17.7,-39.9,-4.9,79.9,-7.9,22.1,21
13089023410,52.4,44.9,18.8,3.4,-12.3,-7.8,-53.6,-61.8,-58.9,-16.4,56.6,-15.8,34.3,26.5
13089023411,52.4,44.9,19.3,3.4,-15.5,-9.7,-34.6,-37.4,-40.2,-12.8,56.6,-12.2,30.5,20.3
13089023412,64.2,60.5,16.3,13.7,-13.8,-14.1,-22.9,-35.4,-37.9,-14.7,80.3,-12.6,23.1,28.1
13089023413,66.2,63.4,33.6,19.6,-11.8,-3.7,-1,-31.4,-41.2,-10.9,81.5,-5.7,11.3,16.2
13089023414,66.1,63.2,23.2,18.6,-12,-22.2,-40.4,-34,-44.9,-13,81.4,-4,21.1,16.2
13089023416,65.4,61,27.5,6,-12.5,-8.9,-10,-17.2,-46.2,-8,80.5,-6,23.5,11.6
13089023418,65.8,60.5,22,9.3,-12.8,-17.8,-7.7,-26.8,-48.3,-5,75.5,-5.8,21.8,13.9
13089023419,65.8,61.1,25.7,6,-11.7,-5.8,-16.9,-25.6,-37.2,-5.5,79.8,-8.7,15.5,14.3
13089023421,69.3,61,20.7,6.3,-13.3,-24.5,-36.6,-45.9,-46.1,-10,72.4,-8.8,26.9,20.9
13089023422,72.5,62.8,21.5,5.3,-14,-7.9,-29.6,-23.9,-41,-9.8,70.4,-9,13.2,10.3
13089023423,69.7,60.3,18.2,5,-11.2,-29.7,-7.9,-28.6,-55.8,-8.8,68.5,-7.5,26,20.4
13089023424,72.5,62.8,16.6,5.3,-11.5,-23.2,-12.1,-30.6,-45.6,-9.1,70.4,-7.3,31.9,25.3
13089023425,66.2,63.4,32.3,19.6,-11.3,-6.5,-9.5,-13.4,-32.5,-7.3,81.5,-5.2,20.3,18.8
13089023426,65.9,62.4,27.2,14,-13.7,-8.2,-12.1,-23.6,-40.8,-7.9,81.1,-8.7,13.7,17.8
13089023427,65.5,60.9,15.8,7.1,-13,-9.6902,-19.6,-17.2,-47.8,-10.9,78.9,-4.2,25.4,18.2
13089023428,65.8,60.6,27.7,9.2,-10.8,-24.2,-30.9,-55.2,-58,-11.2,75.7,-10.3,38.1,23
13089023501,61.7,57,16.8,7.7,-14.2,-8.1,-50.2,-59.4,-51.6,-21.4,78.9,-29.4,38.3,25.7
13089023504,58.2,52.5,16.1,6.1,-13.5,-17.4,-75.5,-77,-60.5,-27.4,71.1,-27.5,33.1,31.7
13089023505,61.7,57,15.8,7.7,-11.6,-4.1,-33.7,-45.6,-47.5,-17.1,78.9,-12.2,34,34.7
13089023506,61.4,57,17.9,7.6,-14.1,-2,-35.2,-34.3,-38.6,-19.1,78.3,-15.8,23.8,17.8
13089023507,56.3,57,19,5.8,-16.4,-29.5,-17.7,-39.9,-43.7,-19.8,65.1,-15.5,28.4,16.4
13089023601,56.1,49.8,17.5,5.2,-10.6,-6.0665,-29.7,-30.2,-34.9,-10.1,66.2,-15.1,12.4,16.8
13089023602,52.7,45.3,17.9,3.6,-9.8,-2.3,-8.3,-46.9,-38.4,-21.5,57.4,-24.2,28,20.1
13089023603,56.3,49.9,16.2,5.3,-12.3,-4,-30.6,-45,-45.7,-17.8,66.5,-15.3,27.9,24.5
13089023700,53.7,45.9,18,4.8,-12.5,-24.6,-47.8,-54.5,-46.6,-16.4,56.1,-16.3,28.9,18.8
13089023801,52.4,44.9,14.5,3.4,-9.7,-12.4,-50.8,-24.3,-37.3,-13.4,56.6,-16.6,21.8,12.6
13089023802,52.4,44.9,16.4,3.4,-8.9,-20.9,-64.4,-49.6,-43.1,-26.7,56.6,-18.2,27.8,16.7
13089023803,52.4,44.9,13.9,3.4,-10.6,-5.9,-25.7,-45.4,-47.9,-12.6,56.6,-17.7,25.1,17.9
13097080102,69.8,68.4,31,17.5,-9.7,-22,-28.3,-40.6,-42.7,-9,66,-6.7,22.7,12.3
13097080103,62.9,70.9,30.9,23.4,-9.7,-22.6,-31.2,-42,-45.5,-23,62.7,-22.8,38.9,14.6
13097080201,62.9,70.9,38.4,23.4,-10.1,-16.5,-24.4,-39.4,-30.8,-30.9,62.7,-20.1,20,20.6
13097080202,64.4,70.4,31.6,16.1,-10,-9,-30.8,-35.4,-42.7,-13.7,63.2,-13.7,27.7,19.9
13097080301,74,69.1,33,13.7,-11.2,-7.9,-39.1,-51.9,-47.4,-14.3,73.5,-12.8,28.5,18.3
13097080303,65.7,70.4,29.8,13.3,-8.6,-7.2,-29.7,-43.7,-39.6,-19.9,64.9,-22.2,27.3,9.9
13097080304,75.1,68.9,38.8,13.3,-9.4,-3.5,-18.3,-28.8,-42.7,-13.7,75,-17.4,20.9,10.1
13097080402,86.9,77.1,71.8,39,-5.8,-2.1,-10.5,-11.5,-25.8,-7.8,70.7,-8.7,12.4,7.6
13097080403,83.8,75,55.9,27.1,-8,-2.1,-7.1,-17.4,-30.2,-6.6,71.4,-13.9,13.2,7.7
13097080404,75.1,68.9,54.6,25.6,-10.1,-4.7,-12.3,-31.5,-25.7,-12.9,75,-20,20.2,16.6
13097080505,85.9,76.4,49.3,22.2,-7.7,-9.8,-35.9,-37.2,-37.6,-16.3,70.6,-14.9,22.5,16.6
13097080506,87.1,77.3,50.3,22.6,-7.9,-5.3,-21.1,-27.9,-32.7,-21.1,70.2,-10.1,17.6,13.5
13097080507,84.6,75.2,54,28.2,-8.6,-4,-18.3,-29.8,-33.9,-8.6,75.7,-9.2,17.9,15.4
13097080508,79.8,71.1,53.1,28.2,-12.2,-8,-28.4,-24.8,-31.2,-13.4,84.4,-10.5,19.6,7.8
13097080509,79.3,70.5,51.9,42,-8,-8.1,-6.5,-8.2,-28.8,-9.2,83.7,-7.3,11,9.7
13097080510,79,70,52.7,37.2,-8.6,-20.5,-30.1,-27.7,-41.3,-11.5,80.2,-16.4,26.7,15.8
13097080511,77.8,68.8,59.4,44.6,-7.4,-1.5,-5.1,-21.6,-32.9,-7,80.6,-7.7,10,10.5
13097080602,70.4,68.2,33.7,12.9,-13.8,-4.4,-16.4,-28.3,-38,-10.7,66.4,-6.7,19.8,13.8
13097080603,75.6,66.3,51.6,19.7,-11.9,-20.1,-12.7,-25.2,-35.5,-9.4,72.4,-12.5,21.5,3.8
13097080604,75.6,66.3,39.1,13,-9.7,-9,-30.9,-28.5,-36.9,-9.4,72.4,-7.2,26.6,10.9
13113140101,82.5,72.9,48.2,48.4,-9.5,-1.1,-19.4,-18.6,-33.4,-12,82.8,-7.2,9.7,6.4
13113140102,83.1,72.2,55.6,47.4,-11.6,-12,-18.7,-12.4,-21.9,-6.5,77.6,-5.6,13.2,15.2
13113140203,82.5,72.9,63.1,48.4,-6.5,-0.5,-6.7,-18.1,-32.6,-4.3,82.8,-8.1,10.6,10.9
13113140204,82.5,72.9,50.1,48.4,-6.2,-10.4,-13.8,-23.1,-32.9,-20.6,82.8,-10.8,18.6,11.6
13113140206,91.3,89.7,73.3,61.2,-9.7,-6,-2.2,-5.7,-28.8,-6.2,88.8,-3.8,6.4,5.7
13113140207,93,92.9,81.2,64.1,-6,-3.7,-2.5,-3.4,-24,-2.5649,90.2,-2,3.7,5.3
13113140208,90.3,87.7,78.4,59.5,-6.8,-5.5,-21.2,-21.9,-30.3,-8.9,88,-8.2,12,9.2
13113140303,93.4,89.8,66.4,65.4,-6.1,-4.7,-11.2,-14.6,-33.3,-11.1,90.6,-4.7,7.9,6.7
13113140304,93.3,90.9,66.7,64.9,-8.1,-10.3,-2,-14.3,-34.3,-12.8,90.5,-3.9,14.1,9.8
13113140305,87.9,77.5,63.3,53.2,-10.7,-16.7,-10.8,-16.2,-28.9,-4.7,80.6,-12.5,14.3,9.2
13113140306,94.1,85.4,76.6,67.7,-8.3,-3.3,-14.3,-10.9,-27.1,-13,91.3,-4.8,6.8,5.8
13113140307,94.1,85.4,79.7,67.7,-7.3769,-0.5,-1.2,-7,-27.9,-1.0559,91.3,-1.7,1.8,4.8
13113140403,83.4,71.9,61.4,46.9,-5.8,-8.9,-6.7,-11.8,-29.4,-4.2,75.1,-4.9,11.9,14.2
13113140404,89.7,79.6,58.7,52.4,-8.8,-0.9,-14.6,-14.7,-28.5,-3.9,81.4,-7.3,18.9,8.8
13113140405,93.5,84.3,64.4,56.4,-8.1027,-5.3,-25.5,-10.8,-26.4,-10.5,85.4,-4.2,5.7,8.6
13113140406,83.4,71.9,55.7,46.8,-10.8,-11.8,-12.5,-30.8,-35.2,-12.5,74.9,-8.2,11.1,11
13113140407,85,73.9,51,48.2,-8.8,-7.9,-8.8,-21.1,-33.9,-5.1,76.6,-4.6,12.7,10.7
13113140408,93.7,84.5,58,56.6,-8.2,-3.6,-8.8375,-11.2,-21.9,-2.6827,85.6,-2.8,16,10.9
13113140501,93.8,84.8,67,59.4,-8,-1.1,-3.6,-12.3,-31.1,-3.1,87.1,-4.9,5.3,6.9
13113140502,93.7,84.5,78.5,56.6,-4.8,-6.1,-11.6,-14,-32.1,-5.8,85.6,-2.4,7.2,6.1
13121000100,82.4,71.1,88.7,58.3,-10.3,-6.6,-8.4,-8.6,-23.8,-0.1092,80.4,-4,6.9,5.1
13121000200,82.4,71.1,87.2,58.3,-8.8,-9.5406,-6.5,-9.1,-29.7,1.0876,80.4,-1,6.4,5.2
13121000400,82.4,71.1,89.7,58.3,-8.8686,-8.3801,-5.9119,-1.9,-35.7,2.4057,80.4,-1,5.6,1.3
13121000500,82.4,71.1,80.6,58.3,-4.2,-9.2533,-6.1,-7.3,-35.6,-0.6632,80.4,-3.4,12.5,5.1
13121000600,82.4,71.1,44,58.3,-8.7,-6.1,-38.5,-12,-43.6,-7.7,80.4,-5.1,21.5,11.5
13121000700,79.3,68.9,39.3,48.7,-10.4,-9.3708,-10.1,-19.2,-35,-7.8,80.4,-35,27,19.9
13121001001,82.4,71.1,72.9,58.3,-11.3,-9.3227,-13.9575,-12.9,-41.8,0.5707,80.4,-2.1,9.1,5.5
13121001002,82.4,71.1,44,58.3,-10.769,-21,-61.5,-38.1,-41.3,-15.6,80.4,-11.4,8.8,19
13121001100,82.4,71.1,84,58.3,-7.6,-9.2082,-0.959,-3.4,-26.1,0.8913,80.4,-1.2,6.7,5.5
13121001201,82.4,71.1,79.7,58.3,-11.2,-13.0179,-8.7341,-3.9,-43.5,-0.5356,80.4,-3.6,16.8,9
13121001202,82.4,71.1,79.3,58.3,-6.9,-7.57,-17.0074,-16.4,-35.4,2.0157,80.4,-0.2,6.3,5
13121001300,82.4,71.1,69.1,58.3,-8.4,-11.8367,-16.7551,-10.8,-45.5,-12.8,80.4,-7.3,15.7,9.4
13121001400,82.4,71.1,84,58.3,-5.6,-15,-15,-14.1,-30.3,-2.4568,80.4,-5.214,12,3.7
13121001500,82.4,71.1,84,58.3,-10.4,-22.7,-13.8284,-12,-37.1,-4.2,80.4,-4.5,13.5,6.3
13121001600,82.4,71.1,79.5,58.3,-7.223,-9.1632,-9.0877,-14.3,-28.2,-4.8058,80.4,-6.1351,14.5,4.3
13121001700,82.4,71.1,31.4,58.3,-11.3,-3.2,-73.9,-56,-48.1,-23.8,80.4,-5.1,30.8,14.2
13121001800,82.4,71.1,31.4,58.3,-11.9,-4.1,-83.3,-57.7,-36.8,-12.4,80.4,-8.6,11.6,13.2
13121001900,82.4,71.1,42.6,58.3,-7.9,-8.2,-22,-7.6,-36.3,-7,80.4,-12.3,14.9,18.8
13121002100,82.4,71.1,44,58.3,-11.7,-10.6,-57.1,-55.2,-54.4,-10.7,80.4,-10.1,31.9,17.3
13121002300,68.2,60.9,15,14.4,-16.7,-7.3,-83.3,-84.4,-65.4,-48.6,67.2774,-30.7,30.8,34.9
13121002400,65.8,59.9,21.5,13.5,-13.6,-5.3,-41.8,-36.4,-50.3,-31.6,56.1,-16.2,29.4,13
13121002500,68.2,60.9,15,14.4,-18.5,-10.1771,-55.2,-70.3,-61.1,-20.2,68.3199,-22,32.8,22.4
13121002600,68.2,60.9,15,14.4,-13.8,-6.5,-69,-80.3,-64,-21.3,69.5016,-18.5,22.1,23.4
13121002800,82.4,71.1,42.5,58.3,-16.3,-51.7,-87.4,-39.6,-46.6,-14.1,80.4,-18.2,11.1,11.2
13121002900,82.4,71.1,31.4,58.3,-5,-12.3885,-26.8,-5,-36.7,-5,80.4,-6.3,21.5,2.6
13121003000,82.4,71.1,78.6,58.3,-13.7,-9.7346,-8.7562,-9,-35.7,1.9224,80.4,-0.9,10.4,3.7
13121003100,68.5,57,31.6,22.1,-14.4,-15.8,-21.6,-43.5,-43.4,-5.8,50.8,-14.4,25.4,9.8
13121003200,68.5,57,28.4,16.5,-7.1,-11.1264,-17.4421,-12.9,-41.7,-8.1731,50.8,-3.3,19.6,3.3
13121003500,81.5,70.2,40.4,54,-7.7,-16.7268,-14.3894,-5.7,-38.1,-15.4,78.9,-17.5,45,22.9
13121003600,72.5,64,26.1,27.6,-10.7471,-41.8,-12.7,-55,-42.5,-12.2334,80.4,-9,17.4,9.5
13121003800,68.2,60.9,27.5,14.4,-7.2,-6.9459,-12.829,-6.9,-53.6,-15.7,67.2506,-8.2,13.1,17.1
13121003900,68.2,60.9,31.6,14.4,-11.3,-15.8,-58.6,-64.2,-63.8,-23.3,69.2424,-25.7,34.4,25.7
13121004000,53.7,54.5,13.2,10.1,-14.4,-9,-39.8,-54.2,-50.5,-29.3,56.1,-17.5,33.4,16.2
13121004100,68.2,60.9,31.6,14.4,-12.3,-7.3,-29.1,-71,-60.1,-21.4,72.5296,-23.4,40.5,31.2
13121004200,68.2,60.9,31.6,14.4,-16.4,-3.5,-17.4,-51.2,-52.7,-13.8,67.4881,-19.6,17.4,10.4
13121004300,68.2,60.9,31.6,14.4,-16.2,-6.4612,-21.1,-85.6,-61,-15.7,75.5479,-3.5,15.1,12.4
13121004400,68.5,57,19.7,12.6,-15.8,-6.5,-36.6,-87.9,-38.2,-16.5,50.8,-16,34.9,9.5
13121004800,81.9,70.6,30.9,55.6,-12.8274,-2.4,-79.6,-100,-57.4,-14.7,79.5,-14.3,33.4,30.5
13121004900,68.5,57,25.8,12.6,-10.5,-4.9,-47,-26.3,-33.6,-7.9,50.8,-12.8,28.3,12.5
13121005000,68.5,57,25.9,12.7,-5,-3.4,-14.9,-17,-43.7,-7.5,50.8,-13.8,30.9,9.5
13121005200,68.5,57,25.8,12.6,-9.2,-5.185,-30.1,-24.7,-29.1,-10.1,50.8,-7.3,14.6,8.1
13121005300,68.5,57,25.7,12.6,-7.8,-7,-21.1,-16.6,-34.1,-6.3,50.8,-5.5,13.6,9.4
13121005501,68.5,57,20.2,12.6,-11.5,-6.6,-43.5,-52.7,-51.8,-19.7,50.8,-24.3,40.8,24.7
13121005502,74.8,71.7,13.6,11.8,-11.4,-1.1,-54,-72.4,-59.4,-15.9,74.5,-17.7,27.6,19.9
13121005700,74.8,71.9,11.3,7.3,-14.9,-16.5,-87,-80.2,-50.8,-23,74.7,-25.8,39.2,23.5
13121005800,74.8,71.9,11.3,7.3,-14.6,-9.9,-62,-75.9,-61.6,-28.5,74.7,-30.8,37.8,23.3
13121006000,68.2,60.9,14.8,14.4,-14.6,-4,-61.1,-58.4,-58,-25.2,66.7416,-23.8,37.2,16.1
13121006100,71.4,66.2,13.5,11.3,-14,-15.4714,-61.8,-50.1,-56.6,-28.9,74.7,-27.2,26.5,15.5
13121006200,73.5,69.7,17.2,8.9,-12.9,-1.4,-75.9,-76.5,-75.8,-25.2,74.7,-36.1,35.3,29
13121006300,74.8,71.9,11.3,7.3,-14.4,-5,-76.3,-73.9,-56.3,-36.1,74.7,-18.9,27.1,34.2
13121006400,68.5,57,3.2,12.6,-13.3,-10.1,-68.5,-60.2,-47.6,-42.7,50.8,-31.3,47.7,14.5
13121006500,74.8,71.9,14.8,7.3,-15,-5.2,-28.5,-46.8,-40.2,-22,74.7,-30.6,31.4,20.1
13121006601,74.8,71.9,14.8,7.3,-10.5,-2.6,-34.4,-48.3,-43.8,-29.2,74.7,-20,41.2,17.4
13121006602,74.8,71.9,12,7.3,-13.8,-13.3,-66.1,-86.8,-65.7,-36.2,74.7,-29.7,31.3,33.5
13121006700,74.8,71.9,13.7,11.8,-14.6,-6.8,-50.3,-72.3,-46.4,-23.7,74.7,-25.4,27.9,14.2
13121006801,74.8,71.9,3.2,11.8,-10.6315,-17.1712,-49.597,-59.304,-53.0556,-30.4296,74.7,-24.1,43.5966,16.8162
13121006802,73.2,71.2,8.8,10.4,-16.2,-6.5,-93.4,-95.2,-42.1,-48.3,70.2,-28.6,42.7,48.8
13121006900,68.5,57,12.7,12.6,-6.7,-33.1,-41.2,-46.2,-42.2,-25.2,50.8,-20.8,40.2,18.7
13121007001,72.1,70.7,15.7,9.7,-13.4,-11,-63.4,-54.9,-46.8,-27.9,67.5,-30.9,27.5,15
13121007002,70.3,69.9,19.8,8.7,-10.8,-11.6,-41.5,-67.2,-70.8,-34.7,63.9,-24.8,40.4,35.2
13121007100,72.6,70.4,10.2,10.3,-13.8,-24.4,-58.5,-68.6,-55.5,-32.6,68.3,-28.2,41,9.6
13121007200,70.3,69.9,24.9,8.7,-15.1,-15.3,-59.5,-64.2,-68,-26.5,63.9,-17.9,25,21.3
13121007300,70.3,69.9,22.7,8.7,-14.1,-10.6,-65.9,-71.7,-51.8,-28.7,63.9,-21.9,42.6,29.2
13121007400,70.3,69.9,24.4,8.7,-14.8,-11.7,-53.5,-87.8,-49.1,-38.6,63.9,-43.2,51.1,30.6
13121007500,73.4,71.2,18.6,7.9,-13.2,-16.3,-48.3,-62.3,-53.5,-31,70.6,-18.4,31.7,23.1
13121007602,66,59.2,26.9,13.2,-13.4,-22.4,-54.4,-51.9,-52.3,-22.2,72.7,-19,29.4,20.3
13121007603,67.4,60.7,26.7,13,-14.9,-12.7064,-72.4,-80.9,-60.4,-30.2,73.5,-24.6,35,27.3
13121007604,62.6,55.2,26,13.3,-17.7,-28.9,-73.5,-70.1,-69,-29.9,72.5,-15.6,29.8,19.9
13121007703,64.1,61.3,13.3,12.3,-18,-17,-29.3,-46.1,-49.4,-15,62.2,-10.8,26,16.7
13121007704,63.9,61.6,30.4,12.6,-9.5,-9.4,-41.5,-47,-54.3,-20.1,61.6,-19.2,33,13.6
13121007705,63.9,61.6,18.6,12.6,-13.9,-12.5402,-75.7,-52.8,-57.8,-16.1,61.6,-13.8,30.3,20.1
13121007706,65.9,62,34.9,12.9,-12.3,-6.4,-24.9,-38.3,-49.2,-12.4,64.9,-4.3,20.6,13.4
13121007802,68.1,61.9,26.4,12.9,-12.1,-5.5,-31.2,-39.9,-42.3,-12.8,68.5,-8.3,23.2,19.2
13121007805,72.6,60.9,29.6,14.5,-11.5,-15,-44.7,-41.2,-53.5,-32,78.5,-9.6,28.6,14.7
13121007806,62.5,54.7,18.5,13.4,-14.1,-12.5,-42.5,-48.6,-59.7,-19.6,73,-23.1,27,27
13121007807,42.5,49.6,14.1,8,-11.7,-15.8,-71.5,-63.8,-44,-31.5,56.1,-25.5,34.7,23.6
13121007808,54.9,52.8,16.1,11.2,-12.9,-1.4,-83.1,-89.6,-52.8,-36.7,65.5,-24.4,47.1,37.1
13121007900,62.8,54.9,37.2,13.2,-12.7,-9.1805,-16.2,-22.7,-33.8,-10.4,72.7,-7.2,19.5,23.7
13121008000,69.6,64.2,20.5,11.2,-13.6,-8,-50.7,-32.7,-41.3,-29.9,73.9,-13.4,28.8,18.5
13121008101,62.5,54.7,22.8,13.4,-18.6,-18.6,-55.2,-54,-39.1,-17.1,73,-19.9,33.4,26.7
13121008102,62.5,54.7,19,13.4,-12.7,-20.1,-49.1,-67.2,-59.7,-29,73,-24.2,41.3,22.8
13121008201,46.1,50.5,10.9,8.8,-16.7,-4.9,-46.8,-49.9,-44.9,-21.4,58.5,-15.2,27.5,23.6
13121008202,42.5,49.6,11.8,8,-11.9,-7.2,-28.7,-67.1,-55.6,-32.1,56.1,-31,30.2,26
13121008301,42.5,49.6,14.7,8,-19.2,-4.1,-64,-59.6,-57.5,-37.9,56.1,-24.1,28.8,27
13121008302,42.5,49.6,15.6,8,-15.8,-11.7,-56.9,-45,-49.2,-25.6,56.1,-25.2,36.6,26.4
13121008400,48.6,52.3,14,9,-12.1,-17.6,-74.2,-73.1,-49.9,-27.5,56.1,-32,40,27.2
13121008500,42.5,49.6,16.7,8,-13.2,-2.3,-54.7,-59.5,-54.6,-41.8,56.1,-21.6,48.1,33.7
13121008601,42.5,49.6,13.8,8,-15.7,-1.5,-64.1,-78.7,-52.2,-43.3,56.1,-24,23.2,29.8
13121008602,42.5,49.6,15.2,8,-13.6,-22.7,-52.5,-63.5,-42.8,-22.7,56.1,-17.2,32.8,21.4
13121008700,42.5,49.6,15.2,8,-15.7,-15.4,-72.2,-65.1,-55.5,-21.3,56.1,-15.9,34.2,25
13121008800,73.5,72.9,47.4,44.9,-6.8,-0.7,-19.5,-13,-27.7,-10.2,75.2,-10.8,13.3,10.8
13121008902,73.5,72.9,69,44.9,-6.7,-1.3,-5.7,-22.4,-34.5,-1.8,75.2,-7.4,19.7,9.4
13121008903,73.5,72.9,52.5,44.9,-9.2,-10.6,-52.8,-41.5,-38.7,-44.7,75.2,-13.2,30.8,3.4
13121008904,73.5,72.9,83.5,44.9,-8.7,-2.9,-6.6,-14.8,-38.2,-5.9,75.2,-2.2,9.2,8.3
13121009000,73.5,72.9,82.5,44.9,-6.3,-5.0818,-1.9,-8.5,-30.7,-1.6652,75.2,-0.4,4.3,5.4
13121009101,73.5,72.9,68.7,44.9,-10.2,-8.5189,-14.2854,-15.1,-32.5,-3.9638,75.2,-4.4,6.4,4.1
13121009102,73.5,72.9,68.7,44.9,-7.6,-15.4664,-1.9,-5.4,-29.5,-5.7815,75.2,-2.5,26.5,5.1
13121009200,77.4,72.1,60.4,49.9,-8.9,-12.3,-18.3,-21.6,-33.5,-25.1,78.1,-10.2,22.3,7.6
13121009300,73.5,72.9,55.1,44.9,-11.8,-7.2,-4.5,-4.5,-35.3,0.5233,75.2,-0.4,4.9,3.5
13121009402,73.5,72.9,57.3,44.9,-9.1,-10.4,-21.3,-29.9,-37.9,-36.8,75.2,-9.2,29,10.4
13121009403,73.5,72.9,69.6,44.9,-9.7,-24.4,-15.6,-26.3,-36.2,-8.5,75.2,-6,29.7,8.2
13121009404,73.5,72.9,72.2,44.9,-4.7,-2.2,-3.045,-9.9,-23.9,-3.3706,75.2,-2.1,7.8,3.9
13121009501,73.5,72.9,75.2,44.9,-10.6,-7,-2,-2.8,-35.5,-1.5042,75.2,-1.6,7.5119,4.1
13121009502,73.5,72.9,85.3,44.9,-11.1,-9.4686,-4.4,-2.5,-37,-3.3,75.2,-4.9,10.1,8.9
13121009601,73.5,72.9,75.4,44.9,-13.4,-27.7,-65.1,-26.7,-35.9,-10.7831,75.2,-2.7,11.5,7.8
13121009602,73.5,72.9,60.2,44.9,-10.1,-7.9546,-5.4,-14,-37.6,-1.8092,75.2,-2.1,5.5,4
13121009603,73.5,72.9,46.9,44.9,-7.9,-3.7,-9.5,-19.1,-41.7,-11,75.2,-2.6,17.6,7.2
13121009700,73.5,72.9,85.1,44.9,-9.3,-5.6761,-3,-6.5,-27,0.7897,75.2,-0.2,2.7,5.9
13121009801,73.5,72.9,84.5,44.9,-7,-6.0382,-0.509,-2.5,-35.1,0.4718,75.2,-1.3,0.6,4.6
13121009802,73.9,72.8,87.1,44.4,-7.3,-1.4,-6.5,-8.4,-23.2,-5.3726,75.8,-5.0979,2.4,8.2
13121009900,73.5,72.9,86.4,44.9,-7.5,-4.2455,-2.104,-2.3,-30.7,-0.2143,75.2,-2.6,8.8,9.9
13121010001,73.7,72.9,72.3,44.7,-6.8,-5.1,-1.5,-2.5,-33.8,-2.7,75.5,-3.8,4,6.3
13121010002,75.7,72.5,70.4,41.7,-6.2,-5.0524,1.3007,-5.1,-26.6,0.2125,78.7,-1.6,0.8,0.9
13121010106,77.5,72.7,43.3,30.2,-13.7,-6.4301,-12.3,-10.5,-36.3,-5.5903,81.7,-3,14.7,8
13121010107,77.5,72.7,43.3,30.2,-9.3918,-2.3,-5.9862,-6.1,-28.2,-5.0515,81.7,-1.4166,5.7,4.1
13121010108,77.5,72.7,43.3,30.2,-6,-9.4313,-1.1,-3.8,-24.8,-4.4799,81.7,-0.8,7.3,3.3
13121010110,81.2,71.6,45.8,25.8,-7.9,-7.0136,-9.9,-13.4,-28.7,-6.9,86.8,-5.3,10.7,5.7
13121010113,81.3,71.6,27.9,25.7,-8,-32.1,-42.6,-37.1,-46.2,-14.7,86.9,-14.4,34.4,5
13121010114,81.2,71.6,49,26.4,-7.2,-8.7,-26.6,-31.8,-28,-13.8,86.7,-10,24.2,6.9
13121010115,81.3,71.6,46.8,25.7,-8.6,-3.586,-4.7311,-5.233,-28.7,-1.6647,86.9,-2.1,3.9,1.5
13121010117,77.5,72.7,50,30.2,-7.5,-7.8,-14.9,-40.1,-38.8,-4.4,81.7,-6.5,20.5,4.2
13121010118,77.5,72.7,42.6,30.2,-7.5,-5.1,-44.4,-62.3,-56.8,-15,81.7,-10.9,38.6,11.5
13121010119,77.5,72.7,42.8,30.2,-9.3,-9.4,-48.8,-58.4,-56,-18.2,81.7,-13.4,34,11.3
13121010120,77.5,72.7,43.3,30.2,-12,-6.2,-14.403,-10.9,-37.2,-11.1791,81.7,-7.8,33.1,14.6
13121010121,77.5,72.7,50,30.2,-7.8,-5.4501,-6.0604,-6.4,-25.1,-0.4911,81.7,-0.9,4.4,11.2
13121010122,77.5,72.7,50,30.2,-10.6,-5.9,-9.9806,-10.1,-23.7,-1.8337,81.7,-1.9,11,6.4
13121010123,79.8,72,50,27.7,-10.7,-1.9,-19.1,-32.7,-43.5,-9.5,84.8,-7.2,31.2,8.7
13121010204,80.8,71.8,79.3,26.4,-9.3,-1.4,-6.1,-5.1,-24.3,-0.3285,86.1,-0.3,5.9,7.2
13121010205,80.8,71.7,65.9,26.4,-5.7,-4.6115,-3.4,-8.3,-27.6,-4.4,86.2,-1.7,5.2,6.1
13121010206,81.3,71.6,82.4,25.7,-10.7,-8.3,-13.3,-3.7,-35.3,-0.055,86.9,-0.6,1.7,2.4
13121010208,77.5,72.7,41,30.2,-12.4,-8.3011,-9.9,-33.1,-32.1,-8,81.7,-7.2,19.7,14.3
13121010209,77.5,72.7,43.1,30.2,-10.7,-5.9,-1.1,-22.1,-27.8,-5,81.7,-2.1,30.7,10.3
13121010210,77.5,72.7,69.4,30.2,-9.4,-7.1,-8.6,-6.8,-36.5,-4.4,81.7,-1,14.5,4.1
13121010211,80,71.8,72.4,31.1,-6.2,-5.4,-4.8,-19.5,-34.8,-21.3,85,-13.9,20,9.5
13121010212,81.3,71.6,18.5,25.7,-5.1,-11.7,-14.1,-39.7,-37,-24.2,86.9,-19,47.1,9.9
13121010301,74.2,57.3,42.8,13.7,-11.9,-3.9,-13.1,-23.5,-46.3,-4.8,76.3,-6.2,20,13.1
13121010303,77.3,64.3,38.8,15.2,-13.8,-2.8,-12.6,-28.5,-45.5,-7.8,80.9,-5.3,14,12.1
13121010304,79.3,64.6,45.6,14.4,-10.9,-12.8,-3.8,-14,-41.8,-3.3,83.2,-3.5,13,9.1
13121010400,59,57.6,38.4,12.3,-8.7,-4.5,-16.4,-27.2,-41,-19.1,75.1,-17.2,25.9,15.1
13121010507,50.9,49.7,18.3,7.4,-17.8,-12.2,-43.3,-63.7,-59.2,-19.5,62.9,-17.4,34.5,17.1
13121010508,50.9,49.7,30.4,8.4,-15,-11.977,-37.7,-34.9,-39.3,-13,62.9,-15.6,19.9,22.9
13121010510,58.3,57.2,37.4,11.5,-12,-21.3,-38.4,-39.9,-45,-9.7,74.5,-13.6,25.4,13.4
13121010511,66.9,57.9,35.8,7.5,-13.1,-12.8,-11,-38,-44.5,-12.7,74.6,-4.6,20.9,12.3
13121010512,72.3,56.3,23.4,7.7,-12.9,-2.5,-54.7,-61.9,-59.2,-12.7,75.2,-13.4,32.4,19.4
13121010513,70.1,56.8,41.2,11.7,-11.5,-7.8,-30.1,-40.7,-52.4,-20.4,75.6,-16.8,23.9,14.8
13121010514,67.5,56.8,40.2,12,-12.7,-3.7,-11.3,-32.6,-43,-13.1,75.3,-12,23.2,15
13121010515,54.3,53.2,29.5,8.9,-11.9,-10.8,-22.2,-28.3,-44.1,-8,68,-17.3,26.2,22.1
13121010516,50.9,49.7,27.2,8.4,-11.2,-3.5,-17.2,-42.2,-42.7,-13.3,62.9,-2.7,22.8,18.9
13121010601,50.9,49.7,25.3,6.1,-12.8,-2.1,-74.8,-48.2,-46.2,-24.1,62.9,-21,42.2,15.2
13121010603,52,50.3,21.5,6.1,-12.2,-18.4,-58.9,-58.7,-62.4,-19.4,63.5,-13.2,44.1,21.7
13121010604,55.6,52.2,21.4,6.1,-12.3,-12.3,-42.4,-51.7,-53.9,-29.1,66.5,-11.6,47.4,16.5
13121010800,67.3,57.7,22.5,8.6,-10.4,-21.5,-61.7,-48.1,-39.8,-43.3,68.3,-24.6,40.9,15.2
13121011000,67.3,57.7,16.9,8.6,-13.4,-13.9,-73.2,-78.7,-54,-44.7,68.3,-42,42.1,28
13121011100,67.3,57.7,14.8,8.6,-11.5,-3,-14.5,-26.4,-46.1,-18.3,68.3,-9,23.9,16.1
13121011201,67.3,57.7,19.4,8.6,-12,-20.8,-34.3,-46.8,-46.2,-21.8,68.3,-16.9,41.5,24.3
13121011202,67.3,57.7,23.4,7,-13,-12.8,-53.9,-51.1,-51.2,-28,68.3,-24.3,38.2,23.5
13121011301,67.3,57.7,20.4,8.5,-10.5,-36.1,-30.7,-39.2,-41.3,-21.8,68.3,-13.1,29.8,26
13121011303,67.3,57.7,21.5,6.2,-10.3,-29.6,-34.7,-36.2,-51.4,-27.6,68.3,-16.7,33.2,11.7
13121011305,78.7,64.4,20.5,6.1,-10.5,-14.9,-47.9,-59.6,-60.1,-17.2,82.4,-11.7,35.9,21.2
13121011306,79.3,64.7,25.5,6.4,-14.5,-23.6,-54.7,-49.8,-57.6,-18.6,83.2,-14.6,35.9,14.1
13121011405,84.6,80.9,42.4,48.1,-8.2,-20.8,-34.1,-27.2,-37.5,-20,86,-15.8,37.8,9
13121011410,82.6,75.5,70.7,37.2,-5.6,-15.2,-7.7,-4.7,-29.6,-6.2,85.1,-5.7,14.9,7.1
13121011411,82.6,75.5,39,37.2,-4.6,-7.4,-3,-8.5,-30.8,-12.2,85.1,-2.5,13.9,6.3
13121011412,82.6,75.5,67,54.6,-8.3,-3,-14.0466,-18.7,-35.4,-5,85.1,-6.5,18,8.9
13121011414,82.6,75.5,69.3,55.7,-6.7,-5.9,-22.2659,-24.5,-38.8,-5.3,85.1,-2.3,26,5.6
13121011416,91.2,90.4,71.6,45.4,-8.4,-1.8,-1.6,-10.7,-27.9,-1.0145,92.5,-1.8,4.3,3.9
13121011417,85.6,83.6,72.2,44.2,-6.5,-2.8465,-3.6,-7,-29.1,-0.1726,86.5,-0.8,3.8,4.9
13121011418,85.6,83.6,76.5,62.4,-5.1,-8.6144,-0.9,-5.8,-27,0.0126,86.5,-3.7,8.9,6.9
13121011419,85.6,83.6,74.8,62.4,-4.6,-2.4,-11.6,-9,-31.1,-3.1,86.5,-2.7,11.2,15.6
13121011420,84,79.2,39.5,44.6,-7.3,-31.1,-39.8,-68.2,-59.6,-43.9,85.7,-40.1,71.7,8.9
13121011421,86.1,84.2,32.5,42.4,-6.9,-12.6,-18.5,-40.8,-39.4,-34.7,87.2,-13.5,48.4,9.3
13121011422,85.6,83.6,68.4,62.4,-7.2,-5.3,-4.1,-9.8,-32.4,-2.4,86.5,-2.5,9.8,9.6
13121011423,85.6,83.6,68.4,62.4,-7.8,-1.8,-10.8,-8,-23.7,-3.4783,86.5,-3,6.1,2.7
13121011424,83.1,76.2,79.4,69.5,-8.6,-11.3,-3.3,-3.6,-20.7,-3.1163,85.3,-2.6,10.1,5.9
13121011425,95,92.6,81,74,-6,-5.5,-0.3,-2.2,-26.6,-3.5356,91.9,-3.6,3.2,4
13121011426,94.9,92.5,82.1,73.6,-5.8,-1.9,-1.6,-8.1,-30.9,-4.9,91.9,-12.3,6.3,5
13121011427,87.7,82.5,73.2,71.1,-7.7,-4.9444,-1.7108,-2.5,-22.1,-1.3,87.8,-2.3,7.5,5.5
13121011503,90.5,89.5,84.1,57.6,-9,-1.7,-6.8,-7.2,-21.2,-2.5,91.8,-2.5,2.8,3.3
13121011504,94.5,88.2,69.4,58.8,-8.3,-2.5,-1.2,-4.7,-23.3,-4.2,92.5,-3,4.2,4.5
13121011505,88.8,87.5,80.5,42.6,-7.9,-2.5,-2,-4,-20.6,-1.4301,90.2,-1.3,1.7,7.7
13121011506,85.6,83.6,80.7,57.1,-9.9,-2.2,-2.6,-8.1,-21.2,0.7528,86.5,-0.8,4,5.6
13121011610,91.7,90,71.7,60.3,-5,-3.3,-13.2,-16.7,-33.1,-8.2,92.5,-3.1,9.1,4.7
13121011611,90.8,89.8,66,50,-7.5,-16.4,-24.8,-27,-33,-11.8,92.2,-12.5,21.6,2.3
13121011612,95,92.6,80.6,74,-6.8,-1.5,-3.3917,-2.3,-20.9,-1.7453,91.9,-3.1,7.1,7.9
13121011613,91.9,91.4,80.8,64,-8.4,-11.9,-20.2,-16.5,-27.9,-7.8297,92.6,-2.8,24.7,12.9
13121011614,92.4,86.6,63.3,57.5,-7.7,-19.6,-12.4,-13.3,-26.8,-2.9,91.4,-0.8,14.6,5.8
13121011615,95,87.9,67.5,58.4,-7.5,-1.1,-0.9,-4.7,-22,-1.8,92.5,-1.9,4.9,6.9
13121011616,90.9,87.7,63.2,58.3,-7.3,-13.2,-5.1,-33.1,-34,-7.6,91.7,-3.2,13.7,5.3
13121011617,92.2,90.5,80.3,70,-9.9,-1,-4.3,-10.7,-27.3,-1.1499,92.2,-1.5,7.1,9.9
13121011618,90.8,86.5,79.9,82.5,-12.6,-8.3,-5.7,-7.1,-17.4,-5.2,91.4,-4.3,18,6.8
13121011619,90.8,86.5,78,82.5,-7.9,-2.2,-3.1,-12.2,-17.3,-2.4,91.4,-5,13.7,10.6
13121011620,90.6,89.2,79.9,76.8,-8.9,-1.5,-2.5,-11.8,-35.8,-2.2,92.3,-4.3,12.1,7
13121011621,90.8,86.5,77.8,82.5,-5.6,-3,-2,-4.6,-27.6,1.1564,91.4,-0.9963,6.7,3
13121011622,96.2,93.4,81.5,73.9,-8,-2.9,-6.7,-6.2,-31.3,-2.5849,92.7,-3.6,7.8,9.7
13121011623,94.2,92.4,82.5,69.2,-9.8,-3.1,-8.6,-12.2,-34.1,-0.9,92.6,-3.3,14.9,7.2
13121011624,94.8,92.8,79.5,72.7,-11.5,-0.9,-0.7,-7.3,-14.5,-5.919,92.8,-1.5,14.8,3.9
13121011625,94.2,92.3,80.4,70.7,-6.5,-10.9,-7.2,-10.8,-27.8,-2.4,92.3,-4.7,15.4,5.8
13121011626,91.7,91.4,83.6,65.6,-8.2,-9.7,-5.8,-13.5,-34.3,-1.9,92.9,-4.6,21.5,11.8
13121011800,72.2,63.8,25.4,26.7,-12.6,-4.6,-82.4,-78.2,-58.8,-23.7,80.4,-21.4,27.1,24.9
13121011900,82.4,71.1,34.8,58.3,-4.1,-11.9,-88,-42.1,-50.7,-11.5,80.4,-17.8,18.9,18.3
13121012000,68.6,57.1,19.3,12.7,-14.7,-16.7,-60.7,-82.8,-60.2,-34.6,51,-29.4,50.7,28.7
13121012300,67.3,57.7,14.3,8.6,-11.8,-8.9,-50.2,-27.6,-48.9,-16.8,68.3,-12.2,24.1,14.1
13135050103,84.1,81.6,59.8,58.3,-7.9,-10.8,-27.5,-35.6,-43.1,-17.9,72.2,-16.2,23.6,8.6
13135050105,88.5,91.1,55.8,60.1,-8.4,-14.2,-40.2,-57.7,-38.6,-34.6,78.3,-26.3,43.1,14.7
13135050106,86.8,87.2,58.7,59.3,-5.4,-7.6,-35.3,-27.8,-35.4,-24.7,77.6,-20.6,28.6,8.4
13135050107,82,77.1,62.6,57.7,-9.1,-5.9,-10.7,-16.9,-30.2,-3.8,65.8,-5.3,15.3,8.1
13135050108,90.3,87.5,79.5,74,-6.8,-4.1,-16.7,-13.5,-31.3,-5.3,87.9,-7.6,13.2,7.8
13135050109,86.8,83.1,68.8,66.6,-7.2,-6.2,-19.1,-18.5,-26.8,-11.5,82.9,-6.7,16.5,10.6
13135050205,73.6,74.3,60.5,52.8,-7.7,-11.6,-15.8,-36,-40.7,-10.9,81.3,-13,22.6,6.1
13135050208,81.6,79.5,61.3,50.5,-6.8,-8.5,-10.3,-23.3,-32.4,-5.5,89.2,-8,27.5,9.9
13135050209,73.6,74.3,53.4,52.8,-8.6,-21.1,-23.6,-32.9,-45.7,-11.5,81.3,-7.4,43,17.9
13135050210,88.7,85.1,77.4,61.5,-6.6,-14.5,-21.6,-22.8,-32.8,-3.4,88.2,-10.6,23.3,3.7
13135050211,73.6,74.3,41.9,52.7,-6.6,-22.8,-62,-64.4,-60.7,-27.8,81.3,-18.2,50.1,13.8
13135050212,91.2,88.5,76.5,73.4,-4.4,-4.9,-3,-4.7,-29.8,-4.1,89.3,-4.2,7.6,5.5
13135050213,91.7,89.2,73.2,77.1,-6.7,-19,-9.9,-15.5,-29.9,-2.2,89.2,-3.9,24.3,8.9
13135050214,76,75.8,64.1,52.5,-8.4,-15,-2.5,-21.1,-32.4,-3.6,82.4,-2.5,22.3,8.9
13135050215,81,78.8,54.3,51.7,-8.7,-25.8,-19,-36.4,-46.1,-9.1,84.6,-4.6,37.4,7.7
13135050216,86.5,82.2,83.2,50.5,-7.1,-4.1,-8.2,-14.6,-29.6,-2.6,87.2,-2.9,23.2,5.5
13135050217,86.3,82.1,69.4,50.6,-9.2,-13.1,-5.5,-15.4,-37.8,-2.7,87.1,-6.2,21.3,5.5
13135050218,73.6,74.3,59.8,52.8,-5.6,-16.9,-1.8,-26.8,-31.8,-24.4,81.3,-14.7,37,9.7
13135050219,73.6,74.3,60.5,52.8,-12.3,-4,-12.9,-16.5,-22.8,-3.2,81.3,-8.1,22.6,6.5
13135050220,73.6,74.3,55.5,52.8,-11.1,-20.3,-28.5,-43.6,-40.4,-10.7,81.3,-6.4,21.2,7.8
13135050304,69.6,72.6,26.4,37.6,-7.5,-18,-50.2,-57.9,-53.9,-28.7,75.5,-23.5,53.6,9
13135050306,69.6,72.6,26.2,31.3,-7.1,-25.4,-54.5,-58.9,-51.3,-41.7,75.5,-51.5,71,10.3
13135050308,69.6,72.6,77.9,46.5,-8.3,-6.9425,-3.4,-8,-18.1,-2.6754,75.5,-4.6,4,9
13135050309,72.7,73.9,51.7,50.7,-8.8,-1,-8.3,-14.8,-33.2,-5.7,80.3,-2.6,15.2,9.8
13135050310,69.6,72.6,45.8,46.5,-7.7,-13.8,-23.4,-17.7,-29.3,-5.8,75.5,-4.5,14.4,5.8
13135050311,69.6,72.6,33.4,31.3,-8.9,-1.5,-9.6,-4.7,-29.7,-2.8,75.5,-5,12.4,4.3
13135050313,70.1,72.8,34.8,34,-7.7,-9,-22.5,-37.7,-37.2,-23.9,76.3,-24,36.8,8
13135050314,71.6,73.5,40.3,42.5,-8,-23.5,-27,-35.8,-32.2,-26.2,78.8,-12.7,42.4,10.4
13135050315,69.6,72.6,42.1,46.5,-7.6,-16.3,-41.4,-39.6,-40,-16.4,75.5,-11.3,34.3,15.5
13135050317,69.6,72.6,45.8,46.5,-9,-36.5,-19.7,-37.3,-33.8,-23.2,75.5,-20.8,52.3,11.6
13135050318,69.6,72.6,45.8,46.5,-9.4,-47.9,-38.2,-50.4,-42.2,-21.3,75.5,-19.2,37.1,8.8
13135050319,69.6,72.6,33.6,31.3,-9.4,-22.5,-44.7,-57.5,-46.3,-36,75.5,-39.2,48.8,8.2
13135050320,69.6,72.6,34.6,31.3,-8.9,-29.8,-64.3,-58.4,-58,-45.1,75.5,-35.7,58.6,18.8
13135050321,69.6,72.6,56.3,46.5,-5.2,-0.5,-2.6,-6.5,-33.1,-5.7168,75.5,-2,3.9,8.4
13135050322,69.6,72.6,81.3,46.5,-10.1,-4.1,-0.7,-1.3,-19.9,-2.7961,75.5,-1.5,5.5,6.1
13135050410,55.3,65.1,38.2,28.3,-6.5,-16.5,-43.3,-49.2,-44.9,-26.9,65.2,-27.8,38.7,20.2
13135050415,74.1,68.5,47.4,37.5,-6.8,-11.7,-6.5,-9.3,-24,-9,80.6,-5.1,14.8,12.5
13135050416,74.1,68.5,43.3,37.5,-6.8,-11.8,-20.6,-26.6,-35.2,-29.8,80.6,-8,22.9,21.7
13135050417,52,63.2,28.6,34.1,-5.9,-32.2,-52,-74.4,-66,-52.1,62.8,-51.2,68.4,10
13135050418,52,63.2,28.3,34.1,-6.6,-20.6,-45.5,-71.2,-49.7,-39.1,62.8,-39.4,69.5,13.7
13135050419,52,63.2,35.4,33.7,-8.5,-23.5,-39.3,-62.6,-48.1,-36.7,62.8,-34.3,63.1,16.9
13135050421,52,63.2,38.9,20.8,-8,-10.4,-30.3,-56.1,-46.7,-36.5,62.8,-31.3,50.3,10.6
13135050422,52,63.2,34.8,20.3,-8.8,-23.3,-50.5,-59.3,-59.4,-40.8,62.8,-34.9,63.1,14.6
13135050423,55.9,61.3,36.3,39.4,-7.7,-15.7,-63.2,-59.4,-52.8,-26.1,67,-18.9,56.1,8.6
13135050424,52.4,63,34.7,21.9,-9.2,-30,-39.8,-49.1,-41.1,-32.5,63.3,-32,55.3,9.5
13135050425,88.5,84.8,64.8,57.7,-4.2,-5.4,-2.4,-18.9,-25.8,-8.5,87.3,-7.1,15.2,9.1
13135050426,88.5,84.8,62.3,57.7,-3.8,-10.7,-14.3,-16.4,-27.5,-8.8,87.3,-7.5,16.4,9.3
13135050427,89.2,86.7,57.6,58.5,-6.7,-20.4,-26.5,-21.9,-37.8,-10.3,87.5,-11.1,21.5,12.6
13135050428,88.5,84.8,74.4,57.7,-6.3,-11.2,-7,-10.6,-29.3,-10.0424,87.3,-10.3,13.5,7.7
13135050429,89.4,87.6,71.4,58.9,-2.8,-15.8,-3.4,-15.3,-26.2,-5.3,87.5,-7.5,15.1,6.5
13135050430,88.5,84.8,65.7,57.7,-7.1,-11,-11.1,-23.4,-37.5,-13.7,87.3,-10.5,22,9.2
13135050431,81.3,80.6,44.8,49,-8.1,-12.2,-30.1,-41.4,-43.5,-23.6,82.9,-24.6,40.8,13.3
13135050432,59.6,67.7,38.2,36.5,-10.8,-16.8,-8.1,-32.2,-39.4,-24,68.3,-15.9,35.5,8
13135050433,52,63.2,28.9,34.1,-5.8,-19,-20.5,-51.8,-55.4,-30.8,62.8,-22.9,39.2,9.6
13135050434,52,63.2,32,34.1,-6.8,-37.5,-62,-67.7,-45.1,-44.8,62.8,-45.6,67.9,12
13135050435,69,72.5,38.4,32.8,-6.8,-23.2,-18.5,-42.6,-32.4,-34.2,75,-28.2,38.7,15.9
13135050436,73.9,73.2,43.6,48.5,-7.7,-17.1,-27.8,-40.4,-44.7,-18,78.4,-27.2,42.8,14
13135050511,86.5,82.2,55.1,50.5,-8.4,-24.7,-26.7,-40.6,-40.3,-17.9,87.2,-15.7,36.3,8.9
13135050520,73.1,74.5,28.6,37.5,-10.8,-20.6,-28.3,-58.7,-54.1,-19.1,80,-20.5,33.5,17.7
13135050521,73.1,74.5,44,37.5,-7.3,-23.3,-28.9,-42,-43.8,-24.2,80,-15.7,29,10.6
13135050522,73.1,74.5,46.2,37.3,-11.4,-11.6,-24.7,-45.9,-37.2,-21,80,-23.9,29.3,11.7
13135050523,79.5,78.3,47.6,45.5,-8.5,-15.2,-9.2,-39,-44.4,-11.2,87,-7.6,25.6,10.9
13135050524,57.8,60.4,36.9,44.3,-6.3,-24.3,-22,-46,-47.9,-23.5,68.8,-18.4,32.4,10
13135050525,81.6,79.5,61.4,50.5,-7.8,-20,-12.3,-18.3,-35.4,-5.7,89.2,-10.9,23.3,13.4
13135050526,57.2,60.7,34.7,48.9,-7.3,-11.1,-6.7,-52.3,-58.2,-24.9,68.2,-17.4,31.9,13.8
13135050527,82.4,78.3,58,52.8,-7.2,-8.5,-6.6,-18.1,-30.5,-5,88.3,-9.2,13.4,8.3
13135050528,81.9,79.1,62.6,51.2,-9,-24.5,-4,-17.6,-26.4,-8.7,88.9,-7.4,21.9,9.8
13135050529,82.5,80,63.3,50.5,-7.9,-14.8,-32.5,-27.3,-54.7,-13.1,88.9,-8.8,26.6,11.2
13135050530,86.5,82.2,55.2,50.5,-8.9,-2.6,-8.2,-13.1,-32.8,-3.9,87.2,-6.7,22.8,9.1
13135050531,73.2,74.9,47.3,42,-8.1,-12.2,-32.4,-34.5,-50.8,-18,77.7,-18.2,28.4,10.1
13135050532,80.5,81.9,52.3,44.4,-9.4,-5.4,-19.5,-32.9,-51.8,-12.9,83.3,-11.2,36,15.4
13135050533,57.8,60.4,40.3,32.7,-8.6,-4.3,-12.8,-32.2,-45.7,-20.7,68.8,-22.2,27.7,10
13135050534,57.8,60.4,40.7,32.7,-7.9,-13.9,-12.7,-31.8,-41.8,-17.1,68.8,-19.5,28.8,14.2
13135050535,57.8,60.4,41,32.7,-8.4,-23.2,-34.2,-44.2,-45.7,-15.5,68.8,-14.5,28.8,11.8
13135050536,69.6,71.3,43.5,36.1,-7.6,-10.6,-19.9,-33.6,-30,-17.2,77.5,-11.3,22.9,6.4
13135050537,53.1,62.7,34.6,32.7,-9,-28,-36.6,-57.8,-59.9,-15.9,64,-9.9,39,7.2
13135050538,84,80.8,56.2,50.5,-5.4,-18.9,-7.1,-24.4,-34.3,-6.5,88.3,-12.6,25.5,5
13135050539,57.8,60.4,38.8,36.5,-7,-18,-53.3,-49.4,-54.9,-24.6,68.8,-23.3,37.5,19.2
13135050540,82.5,80,56.7,50.5,-7.9,-24.4,-6.2,-36.1,-41.7,-7.7,88.9,-4.8,25.6,12
13135050541,57.8,60.4,35.2,50.4,-7.4,-10.6,-31.3,-60.8,-50.6,-27.6,68.8,-22.1,38.9,12.3
13135050542,56.4,61.1,33.8,42.6,-7.3,-20.7,-47.7,-52.9,-42.8,-11.8,67.4,-16,36.9,17.7
13135050543,80.1,78.7,54.1,48.5,-9.2,-9.1,-7.4,-16.4,-40.9,-11.3,85.1,-11.8,17.1,9
13135050544,80.5,81.9,53.3,48.6,-8.2,-11.4,-14.9,-24.2,-45.8,-9.5,83.3,-8,20.7,10.4
13135050545,79.1,76.5,45.2,45.8,-9.2,-11.1,-12.1,-33.9,-45.9,-11.6,84.8,-14,25.4,10.9
13135050546,79.8,73.3,49.9,50.1,-8,-11.1,-22.9,-28.1,-35.3,-13.1,83.6,-18.7,19.6,11.9
13135050547,85.5,73.5,62.1,61.3,-5.9,-0.9,-33.8,-27.5,-35.5,-9,83.2,-11,24.2,12.8
13135050548,85.4,73.7,65.7,60.9,-8.2,-16.8,-10.6,-17.1,-33.4,-4.1,83.4,-13.4,15.5,10
13135050549,81.6,79.5,61.3,50.5,-8.3,-14.3,-13.3564,-19.9,-31,-13.1,89.2,-10.1,25.8,7.3
13135050605,86.2,78.2,71,65.6,-7.7,-4.9,-16.8,-24.7,-31.7,-4.3,85.3,-8.1,16.6,8.3
13135050606,87.1,84.5,71.7,59,-6,-8.3,-6.1,-28.5,-41.3,-6.7,87.5,-11.1,15.3,10.6
13135050607,84,76.8,62.4,55.6,-7.9,-3.7,-14.7,-15.2,-33.4,-3.9,87.5,-5.9,11.4,9.6
13135050608,82.9,74.9,61,55.3,-6.7,-11.8,-9.1,-28.4,-38.8,-7.7,87.1,-12.7,22.7,7.9
13135050609,87,84.2,69.8,68.1,-7.6,-4.6,-9.5,-16.9,-30.8,-3.5,87.8,-11.7,12.5,8.1
13135050610,86.5,83.3,70.1,68.8,-6.1,-4.4,-5.4,-15.1,-33,-5.5,88,-3.2,15.1,11.4
13135050709,74.5,69.6,44.1,37,-9.3,-16.4,-27.1,-24.4,-35.9,-12.6,80.4,-4.9,18.2,10.5
13135050712,91.3,92.8,70.7,61.8,-5.1,-2.7,-13.5,-19.3,-30.5,-6.8,88,-4,10.9,6.5
13135050713,91.3,92.8,78.4,73.8,-10,-16.7,-12.4,-8.9,-23,-5,88,-6.1,13.6,9.7
13135050714,89.5,90.2,73.1,57.3,-7.9,-1.6,-6.2,-17.2,-33,-6.5,87.2,-6.2,6.2,3.7
13135050715,91.3,92.8,77.6,68.3,-7.2,-6.2,-6.7,-21.6,-32,-5.6,88,-11.7,19.5,8.6
13135050718,91.3,92.8,80.1,74.2,-5.7,-1.2,-6.9,-16,-31,-4.6,88,-7,13.2,12.7
13135050719,76.1,74.7,52.6,35.1,-9.4,-3,-20.3,-26.7,-33.2,-13.3,79.5,-8.3,19,11.1
13135050720,83.3,80.6,60.1,57.8,-7.7,-9.2161,-27.3,-15.4,-30.7,-8.4,87.1,-4.3,10.9,7.3
13135050721,78.7,76.8,55.5,41.6,-8.2,-12.1,-19.1,-38.3,-40.8,-8.6,82.6,-5.9,20.6,11.1
13135050722,74.8,70.6,48.2,36.7,-12.9,-10.7,-31.1,-34.2,-44.9,-11.2,80.2,-16.7,24.4,29.6
13135050723,74.1,68.5,48.4,37.5,-10,-14.3,-4.2,-19.4,-43.2,-6.4,80.6,-10.9,19,13
13135050724,83.6,80.8,67.1,58.7,-10,-4,-12.1,-26.4,-46.3,-4.5,87.3,-3.5,12.1,12.5
13135050725,74.1,68.5,44.3,37.5,-8.1,-1.4,-11.6,-20.4,-35.3,-9.2,80.6,-5.9,13.7,10.7
13135050726,82.5,73.1,63.8,57,-5.1,-7,-7.7,-18.3,-41.4,-4.1,85.6,-6.1,13.9,7.1
13135050727,82.6,78.2,62.8,56.7,-6.5,-12.8,-12.7,-8.3,-25.4,-5.9,86.5,-9.1,17.2,8.3
13135050728,75.9,74.2,50.2,34.6,-8.6,-5.6,-19,-27.1,-39.3,-6.7,79.6,-3.1,17.3,10
13135050729,74.1,68.5,47.1,37.5,-9,-3.3,-14.9,-30.2,-50.9,-14.2,80.6,-6.1,10.9,10.3
13135050730,76.1,74.7,46.6,33.4,-6,-1.4,-7.6,-31.4,-26.1,-22.4,79.5,-9.9,18.6,9.8
13135050731,76.1,74.7,47,33.4,-8.5,-10.9,-9.6,-18.3,-33.4,-7.1,79.5,-11.1,17.9,12.1
13151070104,86.2,71.7,48.5,43,-7.2,-3.8,-21,-27.1,-40.9,-6.4,77.5,-7.2,15.1,8.3
13151070106,72.6,64.8,40.3,29.2,-8.7,-19.2,-14.9,-33.2,-36.6,-16.9,65.6,-19.4,23.6,16.8
13151070107,78.6,68.8,44.3,20.9,-11,-11.2,-9.7,-21.7,-37.9,-8.3,71.3,-7.2,14.3,14.8
13151070108,72.6,64.8,36,20.9,-7.6,-3.9,-3.9,-9.8,-30.4,-15.9,65.6,-13.5,16.1,9.5
13151070109,72.6,64.8,39.9,20.9,-10,-9.3,-9,-12.1,-32.5,-10,65.6,-7.2,12.8,10.9
13151070110,79.3,69.3,51.1,28.4,-3.9,-9.3,-25.6,-23.5,-34.2,-11.8,71.8,-11.6,21.7,10.2
13151070111,79.9,68.6,42.6,35.3,-10.4,-16.4,-22.4,-33.3,-41.5,-10.2,71.9,-18.6,31.3,11.9
13151070113,73.7,65.6,40.9,29.6,-11.3,-7.2,-15.7,-31.9,-39.4,-33.9,66.9,-22.1,35.2,18.2
13151070114,77.5,69.1,43.7,24.7,-6.4,-14.8,-18.9,-32.4,-42.2,-8.3,71.3,-10.5,32.4,23.5
13151070202,91.4,81.9,47.6,51.1,-6.4,-2.7,-8.2,-10.1,-25.1,-7,80.6,-7,5.5,7.6
13151070203,91.5,79.2,49.9,42.9,-7.2,-3.5,-5.3,-9.6,-30.5,-5.7,75.7,-7.3,7,6.8
13151070204,80.4,70.1,54.5,32.8,-7.3,-2.5,-4,-15.9,-30.9,-9.6,72.5,-4.4,4.8,9.9
13151070205,90.6,81.1,44.5,49.8,-10,-14,-35.8,-28.6,-31.6,-13.6,80,-10.2,18.3,9.7
13151070304,71.4,57.5,39.7,11.9,-12.8,-13.5,-38.3,-47.7,-52.3,-11.7,62.5,-16.3,26.7,16
13151070305,86.1,71.5,39.4,42.4,-7.9,-12,-13.7,-22,-33.4,-6.7,77.6,-7.5,16.3,8.2
13151070306,75.5,63.7,45.7,37.5,-8.6,-4.2,-9.7,-18.3,-34.7,-5.6,73.8,-9.7,13.8,11
13151070307,75.4,62.5,35.5,19.1,-13.6,-13.1,-4.3,-24.4,-29.7,-6.6,66.4,-6.1,4.9,11.9
13151070309,79.7,71.8,52.8,25.1,-7.7,-7.9,-3.4,-7.5,-28.7,-4.6,74.2,-7,15.3,12.2
13151070310,77,68.6,48.1,19.8,-8.4,-5.2,-11.5,-24,-33.3,-12,70.7,-12.3,16.2,6.3
13151070311,72.8,61.4,35.2,14,-9.4,-7.8,-18.8,-31.7,-38.1,-15.6,65.1,-5.9,28.1,15.7
13151070402,89.4,76,57.2,35,-6.5,-3.4,-9.4,-21.7,-32.5,-7.8,70.9,-10.9,14.7,10.1
13151070403,82.3,66.9,46,18.8,-9.1,-11.5,-6.7,-27,-34.1,-11.7,59.7,-17.2,23.3,13.6
13151070404,80,65.8,31.9,25.1,-8.5,-3.8,-18.7,-24.2,-33.3,-11.2,65,-7,14,10
13151070501,74.9,63.3,35.8,20.9,-10.1,-9.8,-30.5,-46.6,-47.7,-17,73.6,-13.5,32.2,19.3
13151070502,74.9,63.3,45.5,27.6,-9.9,-8.5,-27.8,-19.9,-30,-6.8,73.6,-9.5,18.8,10.8
13223120101,86.9,72.6,65.7,52.2,-6.4,-12.8,-21,-19.5,-34,-2.8,75.9,-3,11,11.4
13223120102,83.2,71.6,62.8,42.8,-6.1,-5,-8.1,-18.9,-29.6,-4.5,74.6,-11.5,10.6,5.9
13223120103,86.9,72.6,61.2,50.2,-5.7,-3.5,-11.1,-15.6,-25.4,-4.6,75.9,-8.9,14.9,7.3
13223120104,85.2,72.3,58.6,50.2,-2.8,-3.5,-2.5,-10.2,-18.6,-7.4,74.2,-9.9,8.1,6.4
13223120202,74.9,69.4,41.7,40.2,-8.4,-10.4,-10.6,-17.9,-35.2,-5.9,72,-13.8,14.2,8.5
13223120203,74.9,69.4,54.1,40.2,-5.6,-4,-8.9,-23.3,-31.9,-10.7,72,-9.1,13.6,6.9
13223120204,74.3,69.4,46.4,37.4,-6.4,-5,-6.8,-32.3,-43.6,-7.6,70.8,-10.8,18.7,6.4
13223120301,73.2,70,39.9,30.2,-8.2,-3.9,-25.7,-24.3,-29.3,-8.7,65.3,-17.6,21.4,21.7
13223120302,68.8,69.7,43.5,27.1,-7.5,-14.6,-23.1,-42.1,-35.3,-11.1,59.8,-15.8,24.3,14.6
13223120303,67.8,69.5,45.1,30.1,-6,-4.9,-5.1,-15.2,-24.7,-13,59,-25.5,10.8,8.3
13223120400,75,67.3,50.6,22.7,-7.1,-9.5,-7.8,-28.8,-33.1,-7.5,61.2,-15.8,17.5,10
13223120501,73.9,69.8,48,30.1,-7.7,-9.9,-24.2,-28.9,-35.2,-10.9,67,-12.8,24,11.7
13223120502,77.8,67.8,46.1,31.1,-9.3,-7.5,-11.3,-30.9,-31.6,-10,65.5,-7,18.7,17.4
13223120503,78.5,68.8,45.1,32.1,-7.6,-16,-14.1,-22.5,-21.7,-9.8,69.1,-7.6,28.4,7.2
13223120601,77.9,70,50.8,32.8,-7.7,-5.5,-2.7,-17.2,-30.1,-6.7,71.9,-9.2,16.8,12.3
13223120602,80.1,65.8,49.2,33.2,-7.8,-6.6,-20.4,-26.7,-32.7,-8.5,62.5,-12,13.3,9.2
13223120603,77.9,70,51.6,32.8,-9.3,-11.9,-3.3,-13.7,-25.1,-16.3,71.9,-12.7,19.4,12.4
13223120604,77.9,70,50.5,28.6,-5.6,-12.1,-27.7,-21.1,-34.6,-5.3,71.9,-10.7,15.9,10.7
13223120605,80.1,65.8,47.5,31.8,-5.4,-3.5,-14.5,-26.6,-32.5,-10.7,62.5,-11.5,11.2,7.8
13247060101,79.7,66.9,36.1,15.3,-8.6,-10.6,-13.8,-26.8,-28.5,-19,67.8,-15.8,20.2,17.4
13247060102,79.7,66.9,42.9,15.3,-10,-5,-16.4,-31.6,-39.8,-14.5,67.8,-10.8,17.7,13.7
13247060201,75.3,67.4,33.1,33.7,-7.9,-24.6,-48.1,-51.6,-43.1,-62.6,69.3,-37.4,48.4,12.2
13247060202,75.5,67.4,47,35.6,-10.1,-10.3,-21,-29.6,-30.6,-11.9,69.2,-10.7,18.9,16.4
13247060304,79.6,66.2,43,30.9,-9.2,-17,-37.6,-37.2,-42.9,-22.9,69.1,-12.9,24.9,15
13247060305,80,63.9,41.6,17.5,-12,-8.6,-34.4,-52.9,-48.1,-24.1,72.7,-15.8,37.6,12
13247060306,80.2,61.7,40.7,18.6,-9.3,-4.1,-14.8,-15.8,-29.2,-14.6,76.1,-11,17.4,11.4
13247060307,80.2,62.1,42,18.6,-10.6,-5.9,-12.9,-28.1,-39.3,-9.2,75.4,-10.1,18.1,13.9
13247060308,79.7,66.9,41.5,15.3,-11.4,-14.5,-34.9,-43.7,-49.7,-18.8,67.8,-23.5,34.9,15.1
13247060309,79.7,66.9,32,18.5,-8.8,-7.6,-22.4,-42.5,-36.4,-25.3,67.8,-20.1,31.8,14.2
13247060403,74.5,67.5,58.8,38,-8.6,-23,-13.9,-18.3,-43.7,-9.5,69.5,-9.3,21.4,14.5
13247060404,75.3,66.6,45.4,31.5,-13.3,-13.4,-7.7,-26.3,-30.5,-20.1,70.4,-11.8,21,14.1
13247060405,78.1,63.8,62,38.8,-9.5,-4.9,-4.7,-17,-34,-5.9,73.5,-6.5,16.4,6.2
13247060406,75.9,66.1,52,33.5,-12.2,-9.5,-4.6,-14.5,-28.7,-9.3,71,-8.1,16.6,9.7
13247060407,80.2,61.7,53,32.1,-6.7,-14.3,-24.2,-32.6,-29.8,-11.4,76.1,-7.9,25,10.3
