censustract2010,CWB Index,Child Index,Family Index,Community Index
13035150100,0.586433636,0.517518075,0.709749903,0.526703267
13035150200,0.437275222,0.46937288,0.499682098,0.406125273
13035150300,0.570572012,0.541401533,0.679475001,0.495678816
13057090100,0.724550176,0.711946555,0.712450643,0.725460337
13057090200,0.653591602,0.584145263,0.717114133,0.642769974
13057090300,0.73432673,0.614131358,0.790783747,0.752366877
13057090400,0.436721416,0.505917084,0.469495759,0.405882186
13057090501,0.780202671,0.7952001,0.78758327,0.711913953
13057090502,0.816973534,0.83119935,0.772262508,0.799169106
13057090601,0.507677206,0.506443043,0.565674598,0.489146871
13057090602,0.645940277,0.71914787,0.632325317,0.594026112
13057090701,0.803929124,0.76799098,0.798186934,0.79183611
13057090702,0.714519095,0.727363861,0.69637755,0.70184945
13057090802,0.819268004,0.753011852,0.804921465,0.841152722
13057090803,0.856960764,0.832830765,0.836723635,0.832493477
13057090804,0.879284892,0.813430683,0.917109476,0.817191717
13057090901,0.806010432,0.722969547,0.841980443,0.78813177
13057090902,0.835485694,0.81629913,0.796158632,0.836709565
13057090904,0.722534355,0.723766203,0.689646293,0.735887096
13057090905,0.758722843,0.707738985,0.734321422,0.799193834
13057091001,0.639401815,0.603470974,0.638127549,0.679308842
13057091003,0.607932014,0.643199666,0.607740481,0.58942884
13057091005,0.722500446,0.682426168,0.751520016,0.701004678
13057091006,0.856101795,0.79096825,0.830549483,0.877528066
13057091007,0.888991056,0.848683361,0.836946264,0.907029513
13057091008,0.868962751,0.749718698,0.882419922,0.890791848
13057091101,0.784985041,0.746013447,0.771627745,0.791545684
13057091102,0.673646568,0.677079872,0.712167574,0.616170251
13057091103,0.811642993,0.748594915,0.835095574,0.787717101
13063040202,0.273903994,0.19460219,0.362799845,0.374433736
13063040203,0.354491049,0.233116153,0.49353295,0.406918978
13063040204,0.338930624,0.07727517,0.508196321,0.494625592
13063040302,0.18059608,0.211345622,0.251247968,0.23034049
13063040303,0.114834289,0.193771607,0.301802264,0.001719949
13063040306,0,0.199943411,0.015771541,0.016848057
13063040307,0.199912116,0.192549299,0.305759155,0.237091601
13063040308,0.17198053,0.200969338,0.251783999,0.215420756
13063040407,0.440827653,0.41662188,0.507418224,0.45725405
13063040408,0.417578366,0.392650694,0.52576307,0.392842344
13063040409,0.460463781,0.345585011,0.556019068,0.521958495
13063040410,0.272429834,0.313694877,0.254841106,0.386083613
13063040411,0.581737076,0.450738676,0.655802745,0.642168013
13063040412,0.37754503,0.371453444,0.536963496,0.287218603
13063040413,0.376984444,0.368459251,0.397490209,0.456033591
13063040414,0.261930686,0.283098546,0.387946176,0.225975607
13063040415,0.173512413,0.212602645,0.284152861,0.169719546
13063040416,0.284676976,0.355688933,0.330766132,0.289128629
13063040417,0.242568582,0.306603883,0.260869315,0.301753286
13063040509,0.525015331,0.318744098,0.739918972,0.508040571
13063040510,0.347986719,0.218467057,0.480598841,0.418194318
13063040512,0.410336734,0.31254756,0.538761781,0.433488639
13063040513,0.515888759,0.386513509,0.678946091,0.490839011
13063040514,0.265024182,0.245409772,0.334477121,0.334927789
13063040515,0.433667926,0.385458358,0.583827067,0.375167594
13063040516,0.314532501,0.30401031,0.35023637,0.39901441
13063040518,0.263891515,0.200500898,0.433718659,0.255488235
13063040519,0.305120271,0.301443313,0.344043973,0.382471163
13063040520,0.304484414,0.102559228,0.442749739,0.452309781
13063040521,0.323152101,0.222187598,0.51145756,0.307818785
13063040522,0.26446688,0.352107113,0.329003756,0.23790711
13063040523,0.370870797,0.294598205,0.530278534,0.349995479
13063040524,0.42117241,0.278170891,0.589271214,0.436126615
13063040525,0.41165363,0.380940308,0.461051209,0.465127502
13063040526,0.390175848,0.297150958,0.482795574,0.458809387
13063040606,0.406427031,0.387037752,0.398572223,0.519662722
13063040608,0.585188807,0.377093297,0.708247614,0.659293023
13063040609,0.590638888,0.435323223,0.712506722,0.613802196
13063040611,0.22791803,0.265936422,0.338644895,0.206074105
13063040612,0.355772584,0.274452209,0.416146984,0.463941673
13063040613,0.510678856,0.419175406,0.562561407,0.584766821
13063040614,0.628005526,0.396248644,0.746824231,0.714897981
13063040615,0.48370872,0.427883812,0.488412746,0.589751729
13063040616,0.457291324,0.323652338,0.572415186,0.51432734
13063040617,0.259392863,0.367703689,0.275596767,0.272890613
13063040619,0.4094674,0.382332616,0.434923266,0.489038898
13063040620,0.466552719,0.277919769,0.657345366,0.482058816
13063040621,0.539113331,0.338946619,0.666343469,0.616692617
13063040622,0.403323436,0.378384594,0.415008239,0.499478477
13067030101,0.755410634,0.769731941,0.737952971,0.726247997
13067030103,0.783364849,0.768768146,0.764863531,0.773360586
13067030104,0.64428593,0.637734292,0.627024789,0.673598226
13067030106,0.581992136,0.601855018,0.591590279,0.57550679
13067030107,0.792986676,0.710138491,0.831803829,0.776045559
13067030209,0.93984142,0.8907091,0.936580167,0.889990393
13067030214,0.825820293,0.812202042,0.818954009,0.786100162
13067030215,0.728861184,0.628720235,0.765099931,0.753915041
13067030218,0.886928858,0.812102893,0.875134558,0.890348353
13067030219,0.890700433,0.835955173,0.845098095,0.914210508
13067030220,0.680775883,0.628356985,0.714559833,0.679912131
13067030222,0.780883861,0.701721925,0.777899052,0.814848034
13067030223,0.78066748,0.691111386,0.796639612,0.801876703
13067030224,0.808916372,0.735168689,0.806292376,0.827494328
13067030226,0.806091989,0.727345679,0.800499284,0.83400063
13067030227,0.678424717,0.68340132,0.71357438,0.621855828
13067030228,0.63363684,0.609226604,0.602627164,0.700253853
13067030229,0.637404606,0.556748598,0.69270458,0.652823355
13067030230,0.683929787,0.575898425,0.718252221,0.734499004
13067030231,0.916727331,0.812718678,0.911791343,0.929423841
13067030232,0.835721744,0.77063492,0.848283071,0.818430589
13067030233,0.906560714,0.84911775,0.89137153,0.8905894
13067030234,0.900654179,0.846198923,0.850552702,0.925819959
13067030235,0.915472275,0.880443705,0.890832188,0.886311322
13067030236,0.951705098,0.909499369,0.862640749,0.994154548
13067030238,0.910618957,0.902905513,0.829583426,0.924768827
13067030239,0.915871136,0.91283763,0.846316225,0.909924496
13067030310,0.728850443,0.675947379,0.714536848,0.769456875
13067030311,0.857107211,0.734554807,0.914183904,0.833841221
13067030312,0.742705959,0.623188397,0.785135273,0.774025132
13067030313,0.793309242,0.670392449,0.841675554,0.803101534
13067030314,0.858557259,0.853454571,0.820628194,0.836588732
13067030318,0.903666341,0.841223829,0.851178275,0.938286183
13067030319,0.930102812,0.866059085,0.859593468,0.978680944
13067030320,0.807996801,0.632069045,0.81681872,0.91085734
13067030322,0.936416956,0.944674224,0.868426999,0.910629065
13067030324,0.798141714,0.633872047,0.885215526,0.799299705
13067030326,0.972939149,0.951803529,0.914888331,0.950584105
13067030327,0.942367046,0.905055957,0.901108662,0.925970894
13067030328,0.97260274,0.942108972,0.918876646,0.954119185
13067030329,0.917084666,0.844212282,0.910892887,0.901390793
13067030330,0.946286814,0.956714952,0.86461394,0.931416259
13067030331,0.952136691,0.867249361,0.902081848,0.988394353
13067030332,0.95882643,0.942601145,0.884586615,0.956142394
13067030333,0.962895648,0.942300581,0.920834668,0.924320088
13067030334,0.925712814,0.854318392,0.884258531,0.947951882
13067030335,1,0.979439676,0.915023176,1
13067030336,0.959022337,0.958863388,0.862328182,0.967877201
13067030337,0.992112151,0.968910956,0.906101845,0.998629476
13067030339,0.759324549,0.562661166,0.816964683,0.840349194
13067030340,0.990301516,0.93256704,0.97556592,0.944862231
13067030341,0.947751176,0.929268741,0.883466505,0.939130212
13067030342,0.973605691,0.986351057,0.878860646,0.962694147
13067030343,0.948346226,0.842822817,0.917853537,0.982162208
13067030344,0.598875252,0.449392299,0.679406396,0.663239801
13067030345,0.518759009,0.333255067,0.581185502,0.667252833
13067030405,0.524224712,0.439563384,0.602140125,0.555777207
13067030407,0.784871697,0.640790274,0.826306971,0.826170168
13067030408,0.685563578,0.471792305,0.818675849,0.718017214
13067030409,0.874400569,0.790977696,0.842004235,0.915155553
13067030410,0.602430201,0.480365021,0.640299533,0.690579353
13067030411,0.302057596,0.371226802,0.241281696,0.43056984
13067030412,0.366004816,0.325565541,0.383363269,0.483181041
13067030413,0.407970835,0.276275976,0.523143891,0.480287619
13067030414,0.329273556,0.425158102,0.338897998,0.338188152
13067030502,0.802218659,0.752311745,0.835390193,0.757339147
13067030504,0.588089806,0.6108489,0.587113435,0.589410005
13067030505,0.459543206,0.441691914,0.408615485,0.60452203
13067030506,0.670660081,0.590484735,0.672954222,0.737689595
13067030507,0.73516468,0.699156722,0.737650697,0.737234623
13067030601,0.643972547,0.493429195,0.653717388,0.778648799
13067030602,0.747317612,0.667330537,0.757780754,0.777623169
13067030700,0.459724121,0.510043732,0.447842816,0.492551198
13067030800,0.31001194,0.411286058,0.232009141,0.425741779
13067030901,0.629248787,0.560880145,0.667984245,0.655658011
13067030902,0.277906846,0.254816928,0.384605627,0.301904208
13067030904,0.313328045,0.418799113,0.302987003,0.34261723
13067030905,0.420826427,0.328382513,0.592976297,0.382689541
13067031001,0.105927967,0.226265412,0.188382071,0.081865721
13067031002,0.213362855,0.328660749,0.257649409,0.202499622
13067031004,0.230821863,0.289495348,0.351055966,0.176794345
13067031005,0.343843056,0.297075668,0.503785844,0.303535683
13067031101,0.355004212,0.462654644,0.370245376,0.336948464
13067031106,0.543458955,0.340398169,0.719207502,0.564013139
13067031108,0.497766176,0.436641747,0.497558121,0.609874855
13067031110,0.492202265,0.393636132,0.612517456,0.497290201
13067031111,0.726794212,0.466567698,0.857799851,0.791823306
13067031112,0.732364994,0.576580153,0.794635764,0.778138668
13067031113,0.331949739,0.260631295,0.311231679,0.536264918
13067031114,0.469357344,0.376677885,0.513080727,0.568779684
13067031115,0.533061046,0.384414922,0.632952553,0.596321545
13067031116,0.297316569,0.312626006,0.322741871,0.375446358
13067031117,0.776745291,0.52032454,0.915400396,0.811528238
13067031118,0.674844958,0.536099252,0.773178661,0.681066709
13067031205,0.728359591,0.546445893,0.808781796,0.778713489
13067031206,0.733051015,0.571386713,0.874684435,0.688882435
13067031207,0.702433113,0.548607351,0.741496247,0.784646703
13067031208,0.7723363,0.566186258,0.895421016,0.779287366
13067031209,0.760002296,0.560039795,0.84559181,0.810374405
13067031211,0.675560022,0.464524839,0.802577026,0.716206924
13067031212,0.778926822,0.535722091,0.88832729,0.835449947
13067031306,0.45460269,0.294227298,0.570565212,0.537135703
13067031307,0.685575951,0.464579384,0.82711944,0.71480745
13067031308,0.40054735,0.338803287,0.445837821,0.492500611
13067031309,0.462298885,0.378886414,0.586038119,0.459211191
13067031310,0.253038487,0.306005653,0.258033096,0.335138541
13067031311,0.3539712,0.336355292,0.375760007,0.448197391
13067031312,0.48164974,0.337578507,0.580403379,0.559830262
13067031313,0.740912749,0.520067402,0.860231537,0.777397587
13067031404,0.658755352,0.444639696,0.768254584,0.729249268
13067031405,0.499168167,0.408104402,0.655707863,0.451142278
13067031406,0.533823324,0.385797533,0.609139441,0.625743178
13067031408,0.477392899,0.347583042,0.576645604,0.542820925
13067031409,0.515588952,0.407425399,0.540714784,0.636034391
13067031503,0.559335533,0.503235719,0.630713436,0.559184659
13067031505,0.643381803,0.631315098,0.719726648,0.565849735
13067031506,0.626609678,0.616056864,0.685980128,0.573867231
13067031507,0.491754806,0.449357603,0.561256179,0.504321339
13067031508,0.70397193,0.62255284,0.763163447,0.692232895
13067031509,0.642734396,0.503100704,0.751239242,0.648785893
13077170100,0.619109409,0.572782518,0.655182207,0.631175138
13077170200,0.582448237,0.650957351,0.557372204,0.570934113
13077170303,0.819756913,0.754851587,0.891658352,0.736583919
13077170304,0.755801797,0.673139743,0.795773983,0.75026237
13077170305,0.510550331,0.568118695,0.48756277,0.532061876
13077170306,0.697268089,0.591104131,0.728309157,0.745341658
13077170402,0.806289407,0.776227679,0.792662841,0.79722418
13077170403,0.774046028,0.786679508,0.726584958,0.776037038
13077170404,0.814863123,0.744511834,0.846634,0.786806634
13077170405,0.680709259,0.60568936,0.776927442,0.626489054
13077170406,0.810403944,0.780255649,0.826952962,0.763741729
13077170501,0.68818744,0.647204297,0.756766403,0.632010151
13077170502,0.727980471,0.62699935,0.800019263,0.71114417
13077170503,0.730083659,0.648681105,0.804082905,0.691437103
13077170601,0.503008953,0.513448505,0.543858089,0.495540872
13077170602,0.827009545,0.648901525,0.894336598,0.855052303
13077170603,0.743294834,0.633518701,0.821908097,0.721631568
13077170700,0.469932385,0.532384154,0.504557228,0.431738071
13077170801,0.630520234,0.639449304,0.693577992,0.553355538
13077170802,0.616820569,0.612072058,0.668981417,0.570601081
13089020100,0.894636439,0.779842205,0.877721351,0.939738701
13089020200,0.863383046,0.79124607,0.864852068,0.856510989
13089020300,0.910974889,0.797946815,0.920101817,0.917410763
13089020400,0.855790817,0.759915819,0.888782349,0.836403063
13089020500,0.49896736,0.377323605,0.648097601,0.489153461
13089020600,0.411454828,0.284318939,0.479297077,0.535047853
13089020700,0.542189941,0.425542936,0.652614706,0.559015911
13089020801,0.539172966,0.388736492,0.723143512,0.501023861
13089020802,0.535781998,0.390504451,0.698421841,0.519503205
13089020900,0.515383788,0.482352382,0.614563063,0.475107229
13089021101,0.858576504,0.71178162,0.845341209,0.942434298
13089021102,0.870379482,0.730996071,0.84962804,0.952062032
13089021202,0.854023246,0.749589502,0.875275329,0.857536866
13089021204,0.108089876,0.269903437,0.182784714,0.052931999
13089021208,0.65683752,0.682206265,0.659781139,0.62698024
13089021209,0.885519237,0.800860109,0.85400278,0.922522263
13089021210,0.863279812,0.72852544,0.902513963,0.870960801
13089021211,0.836346427,0.647984265,0.900453249,0.874806736
13089021213,0.876848012,0.716916781,0.894134717,0.930234823
13089021214,0.827137089,0.721397024,0.832030671,0.860924338
13089021215,0.793576583,0.605107339,0.832095851,0.877788012
13089021216,0.736991741,0.581350088,0.772349095,0.813341714
13089021217,0.717655269,0.609248305,0.769857573,0.735346837
13089021218,0.704553353,0.576636384,0.733250675,0.773702958
13089021301,0.51716441,0.611247271,0.450056054,0.554447451
13089021303,0.120404038,0.223376891,0.217511587,0.0902979
13089021305,0.358287503,0.546518095,0.345901212,0.295216103
13089021306,0.353532358,0.480124343,0.31587151,0.381419428
13089021307,0.168470368,0.287614726,0.279737193,0.089131388
13089021308,0.242489754,0.272395257,0.352759462,0.22387149
13089021405,0.807566927,0.656185039,0.837909956,0.861255544
13089021409,0.190486378,0.199014715,0.374231535,0.122190646
13089021410,0.182953544,0.212280761,0.281206861,0.200082916
13089021411,0.886922048,0.737459526,0.895641343,0.93707575
13089021412,0.855562384,0.744121144,0.85839985,0.887358666
13089021413,0.094270704,0.199772411,0.165940597,0.101413568
13089021414,0.224577626,0.258380847,0.325003173,0.220302604
13089021415,0.452045026,0.227580533,0.632391514,0.519421488
13089021416,0.238213184,0.317506155,0.355148575,0.165852934
13089021417,0.107578654,0.154428722,0.139182969,0.214290782
13089021502,0.72000668,0.54105553,0.760363268,0.818564668
13089021503,0.614230548,0.572289835,0.646106939,0.628843779
13089021504,0.708761938,0.54183938,0.69502658,0.864710533
13089021602,0.799198037,0.679364277,0.811819535,0.846922999
13089021603,0.775693508,0.629211846,0.745374616,0.908674272
13089021604,0.935066057,0.720724439,1,0.962950521
13089021605,0.648778616,0.616299037,0.57811161,0.765465572
13089021703,0.874705047,0.749151688,0.935886276,0.843241948
13089021704,0.809689777,0.667286476,0.832439867,0.863172464
13089021705,0.589375639,0.543508087,0.552460546,0.699039151
13089021706,0.784333558,0.63894152,0.779528883,0.8826134
13089021805,0.596362149,0.436872928,0.626737848,0.73141506
13089021806,0.406485521,0.395146135,0.377968484,0.536821212
13089021808,0.737456138,0.60335831,0.7282234,0.846601552
13089021809,0.807413944,0.61284237,0.897609609,0.830565065
13089021810,0.752612659,0.566828126,0.833342837,0.79784066
13089021812,0.63146977,0.548127528,0.613961226,0.738979701
13089021813,0.274205909,0.404578862,0.202898307,0.366554265
13089021814,0.338510024,0.357733523,0.281768914,0.497225061
13089021906,0.374140584,0.263805438,0.480506403,0.448407971
13089021907,0.593819385,0.409191348,0.70885331,0.652112089
13089021908,0.367453789,0.238363258,0.456791707,0.482440685
13089021909,0.359592054,0.231814085,0.48395176,0.433999433
13089021910,0.494826482,0.327449095,0.585987631,0.599818224
13089021911,0.142015765,0.142405518,0.206137756,0.24208875
13089021912,0.719606872,0.531267263,0.76506257,0.8211573
13089021913,0.373278043,0.289537599,0.448165984,0.460224138
13089022001,0.592516739,0.392667012,0.716191787,0.655440331
13089022004,0.3683407,0.260531568,0.507215081,0.403167919
13089022005,0.308928808,0.272883769,0.364409094,0.396016975
13089022007,0.15971313,0.211971366,0.300533118,0.111890663
13089022008,0.141713828,0.220384333,0.174094289,0.20516177
13089022009,0.289463216,0.274563179,0.320700702,0.392238292
13089022010,0.241134719,0.208788912,0.311162218,0.330853319
13089022100,0.404278009,0.297384776,0.498279879,0.479595374
13089022203,0.552583822,0.426528457,0.565984128,0.691321533
13089022204,0.504584855,0.502993134,0.491985439,0.572271108
13089022301,0.762546486,0.705667885,0.755308687,0.78670514
13089022302,0.683329162,0.629056387,0.693656773,0.711522046
13089022401,0.775370732,0.610531554,0.797156305,0.863433972
13089022402,0.585984192,0.453518521,0.531247244,0.801046533
13089022403,0.855385796,0.711825162,0.88486014,0.88596343
13089022500,0.795403907,0.749133188,0.733135084,0.864060475
13089022600,0.877980107,0.853337816,0.797501171,0.919031442
13089022700,0.833293903,0.870347643,0.75374565,0.829813221
13089022800,0.83204419,0.871889646,0.781532141,0.791453311
13089022900,0.629032942,0.509118282,0.68217625,0.687502693
13089023000,0.700319432,0.563306815,0.801458018,0.692631465
13089023101,0.353092877,0.282573599,0.51585128,0.328890808
13089023102,0.434151262,0.30491825,0.538981889,0.507406971
13089023107,0.29529614,0.209764371,0.350636331,0.434628368
13089023108,0.275505972,0.211339512,0.379784542,0.342527131
13089023111,0.336390495,0.128540528,0.591772053,0.338082794
13089023112,0.231762593,0.183387904,0.32477659,0.312467195
13089023113,0.29816556,0.309697912,0.333586077,0.367605535
13089023114,0.370955521,0.259168269,0.547997618,0.362830406
13089023115,0.162947033,0.146639398,0.275634246,0.213354438
13089023204,0.441805091,0.277652151,0.601113718,0.480348612
13089023206,0.408818732,0.297817899,0.533091808,0.450120758
13089023208,0.470146655,0.335830966,0.515702578,0.606907389
13089023209,0.581452794,0.439811286,0.721014229,0.573491096
13089023210,0.484825971,0.330729767,0.582489281,0.572794924
13089023211,0.522235289,0.283723073,0.702596357,0.578550819
13089023212,0.446996557,0.299846889,0.595063516,0.480973057
13089023213,0.392002716,0.243559246,0.47198962,0.528167104
13089023214,0.45518463,0.266863163,0.592159804,0.538999192
13089023303,0.338570475,0.284480743,0.423015053,0.39778732
13089023306,0.565639857,0.421021538,0.650890142,0.631274032
13089023309,0.427868102,0.294219723,0.520861567,0.521755101
13089023310,0.326640686,0.219583195,0.407983377,0.444394029
13089023311,0.619075821,0.46874895,0.700636355,0.675966635
13089023312,0.545882014,0.379620933,0.604325804,0.671300286
13089023313,0.396666367,0.291068067,0.539865125,0.414307648
13089023314,0.492330404,0.331548174,0.591088909,0.582760483
13089023315,0.613504991,0.433639409,0.690037451,0.70662433
13089023316,0.610202854,0.493991357,0.723700978,0.599203534
13089023410,0.210641356,0.141037849,0.34393848,0.270625946
13089023411,0.35132795,0.124709751,0.594392074,0.380553375
13089023412,0.445511816,0.273748169,0.606009881,0.488611821
13089023413,0.604634133,0.467740308,0.622667849,0.73001993
13089023414,0.501023931,0.265714412,0.572542368,0.692408372
13089023416,0.575539974,0.35769386,0.66032444,0.708305615
13089023418,0.528674615,0.309427853,0.628261075,0.661343217
13089023419,0.595734247,0.368821378,0.708810289,0.696145885
13089023421,0.407178355,0.213138619,0.538101924,0.520470468
13089023422,0.553888024,0.318077067,0.660005985,0.685758606
13089023423,0.426107745,0.269472068,0.542928998,0.513969888
13089023424,0.441688802,0.305990041,0.606119156,0.446911595
13089023425,0.637068811,0.440807467,0.777248003,0.661201189
13089023426,0.572637681,0.363405956,0.675035253,0.677022145
13089023427,0.517477807,0.305151997,0.629895139,0.632021143
13089023428,0.347745667,0.270262587,0.409702877,0.453143292
13089023501,0.257860984,0.205252998,0.372459117,0.307587247
13089023504,0.11626356,0.080904154,0.202251146,0.233238502
13089023505,0.360971576,0.296567549,0.482719278,0.377433738
13089023506,0.455733728,0.269526845,0.576382608,0.556944819
13089023507,0.343329835,0.114930269,0.513959733,0.464051084
13089023601,0.49308316,0.259267108,0.677474425,0.550233024
13089023602,0.353649248,0.302056712,0.513862534,0.314211439
13089023603,0.351874946,0.241064595,0.493275972,0.392279151
13089023700,0.274133436,0.076599275,0.459673919,0.37155994
13089023801,0.422980579,0.154144119,0.661290461,0.473301282
13089023802,0.277693574,0.098975926,0.435897113,0.388720614
13089023803,0.353823383,0.22457525,0.510124701,0.393282051
13097080102,0.513634005,0.373462028,0.589208139,0.604774088
13097080103,0.373466288,0.362720194,0.472100284,0.362023449
13097080201,0.437017323,0.416432332,0.535201071,0.413362387
13097080202,0.461503704,0.415417401,0.578300885,0.431338386
13097080301,0.4482338,0.412026516,0.477677348,0.518172623
13097080303,0.469446028,0.442379244,0.528029447,0.488246211
13097080304,0.574151571,0.518257863,0.603557334,0.619051208
13097080402,0.800865726,0.79302612,0.829067702,0.722200125
13097080403,0.732502134,0.689728616,0.782947171,0.684364872
13097080404,0.612961728,0.57333379,0.719818746,0.535743946
13097080505,0.560195538,0.584384762,0.590775986,0.531971391
13097080506,0.629438699,0.645626654,0.629880237,0.620920373
13097080507,0.666757302,0.650101637,0.695975142,0.642067893
13097080508,0.667788577,0.520066296,0.70292032,0.760968995
13097080509,0.773857567,0.652179629,0.811104888,0.802603758
13097080510,0.569995551,0.519805167,0.632180228,0.571518736
13097080511,0.7543053,0.705617809,0.744979843,0.776012588
13097080602,0.560235963,0.421552764,0.65868398,0.606226837
13097080603,0.616740471,0.441197443,0.696913327,0.700225478
13097080604,0.588448429,0.45127501,0.674291575,0.638297535
13113140101,0.752241848,0.665408394,0.720118298,0.838529484
13113140102,0.741157976,0.593158557,0.861983638,0.7060882
13113140203,0.791847305,0.769579805,0.778212107,0.780375412
13113140204,0.684042447,0.683801322,0.65009818,0.713495181
13113140206,0.898086894,0.851051443,0.840335305,0.926241541
13113140207,0.977337312,0.958112998,0.907226676,0.966106329
13113140208,0.823496215,0.851820817,0.74993763,0.824585025
13113140303,0.866747538,0.895712524,0.742038134,0.913580524
13113140304,0.82670205,0.860801109,0.724905225,0.855069033
13113140305,0.75327623,0.666221256,0.809272557,0.733571096
13113140306,0.885656478,0.873827493,0.788000501,0.932410111
13113140307,0.964577643,0.935229032,0.8755021,0.990256993
13113140403,0.774497029,0.730624601,0.825818336,0.711713714
13113140404,0.802684708,0.769141925,0.823111574,0.757302496
13113140405,0.844765253,0.787295627,0.809766255,0.874162881
13113140406,0.668490067,0.617826734,0.65730605,0.724244442
13113140407,0.742445493,0.682224105,0.752208577,0.756389911
13113140408,0.867421568,0.818418806,0.891596314,0.809746399
13113140501,0.886316585,0.87062247,0.81897995,0.900118439
13113140502,0.882630433,0.891871542,0.787639046,0.907090429
13121000100,0.870637462,0.74459959,0.904851254,0.873447657
13121000200,0.866317756,0.753290788,0.868666764,0.896466509
13121000400,0.883208055,0.764288203,0.862029373,0.941361887
13121000500,0.849309013,0.810942923,0.821963642,0.849661294
13121000600,0.687596143,0.61837681,0.700749226,0.725199971
13121000700,0.573013238,0.585783888,0.733930094,0.394686721
13121001001,0.785567447,0.672848502,0.764364509,0.871869799
13121001002,0.556122111,0.465010747,0.565508628,0.665031753
13121001100,0.892351097,0.778060116,0.91489014,0.890379314
13121001201,0.763948359,0.680481606,0.779418851,0.785767425
13121001202,0.8426484,0.753596425,0.806126924,0.904813631
13121001300,0.706448318,0.690084745,0.658350578,0.760505101
13121001400,0.829909709,0.749557082,0.822018286,0.853809803
13121001500,0.760547892,0.642064325,0.770088589,0.82416018
13121001600,0.823170505,0.75785136,0.820846648,0.828357468
13121001700,0.487891626,0.494602084,0.394722969,0.650234681
13121001800,0.569350261,0.46145238,0.543601165,0.731901794
13121001900,0.696494786,0.651646254,0.774284134,0.630053948
13121002100,0.486353051,0.512200194,0.438677782,0.576289409
13121002300,0.036701364,0.152484826,0,0.184256262
13121002400,0.344949685,0.294206755,0.402897548,0.430567738
13121002500,0.22158732,0.178385312,0.270799919,0.353505233
13121002600,0.237858625,0.229707255,0.204621715,0.429618178
13121002800,0.475934585,0.249534508,0.531767677,0.686388668
13121002900,0.765712257,0.64152982,0.794487404,0.809870025
13121003000,0.816540981,0.657325849,0.831691754,0.892838703
13121003100,0.443272521,0.309632356,0.59408833,0.462327412
13121003200,0.596454797,0.431663061,0.707766863,0.639330421
13121003500,0.569599196,0.607351197,0.713648086,0.388835435
13121003600,0.511477537,0.321108157,0.5143374,0.738710709
13121003800,0.547483403,0.468724136,0.596447022,0.600056336
13121003900,0.22526894,0.275651637,0.254550737,0.290351937
13121004000,0.260117937,0.179294498,0.348429434,0.367612079
13121004100,0.243321182,0.364991126,0.267394007,0.240197078
13121004200,0.430444919,0.347344137,0.445800686,0.568350419
13121004300,0.39350626,0.327804224,0.242460071,0.727526584
13121004400,0.319227249,0.258760267,0.391166691,0.40630805
13121004800,0.318106619,0.453093866,0.243824669,0.394306177
13121004900,0.493314317,0.336148192,0.716098353,0.430971938
13121005000,0.536349843,0.493385195,0.682212634,0.442187521
13121005200,0.576655568,0.389559992,0.739923222,0.58535796
13121005300,0.597225427,0.420065022,0.760135805,0.589683345
13121005501,0.25491286,0.308901613,0.407813288,0.157727497
13121005502,0.348739881,0.381877156,0.303083238,0.477268549
13121005700,0.21662531,0.172498893,0.288086379,0.324434111
13121005800,0.195429802,0.259728504,0.191398517,0.297624534
13121006000,0.267028887,0.246412006,0.305693954,0.374172432
13121006100,0.296694531,0.219760132,0.323197631,0.4619551
13121006200,0.154881166,0.300240617,0.135338845,0.2123322
13121006300,0.206481362,0.257139962,0.187070224,0.336338893
13121006400,0.154310288,0.178164388,0.258339248,0.179724433
13121006500,0.382741904,0.354465022,0.498119123,0.364717483
13121006601,0.391848219,0.422144363,0.419488788,0.420021217
13121006602,0.117980396,0.247508758,0.069950496,0.237655349
13121006700,0.34529297,0.314511682,0.345137644,0.48149272
13121006801,0.28879506,0.302451098,0.303251317,0.384652827
13121006802,0.099378443,0.196357149,0.132807554,0.158822644
13121006900,0.287785098,0.238193075,0.465164212,0.248783817
13121007001,0.312088522,0.268938625,0.381338522,0.388329592
13121007002,0.14361934,0.347040607,0.118381294,0.156317123
13121007100,0.230382063,0.197365883,0.236003348,0.401851927
13121007200,0.230980167,0.236931163,0.20359567,0.404623391
13121007300,0.197817171,0.257443076,0.276114589,0.204759855
13121007400,0.083651816,0.270934423,0.168887579,0
13121007500,0.278002162,0.285601653,0.284875487,0.392523322
13121007602,0.309952024,0.193575879,0.390919242,0.442886984
13121007603,0.166182464,0.19189558,0.169688029,0.306421073
13121007604,0.160024529,0.027363322,0.151594311,0.468192934
13121007703,0.359009374,0.177656251,0.481007773,0.487687594
13121007704,0.363595556,0.351366402,0.40915828,0.420758774
13121007705,0.288884791,0.174762673,0.388197507,0.404975428
13121007706,0.49270817,0.377771232,0.529325719,0.61380651
13121007802,0.476701321,0.362443269,0.569834946,0.534848897
13121007805,0.398517898,0.317682759,0.359065062,0.611222939
13121007806,0.275366893,0.210679655,0.367766306,0.357203022
13121007807,0.166008022,0.05691352,0.343671343,0.226030632
13121007808,0.083524717,0.154443533,0.148041592,0.136076634
13121007900,0.533044275,0.342102569,0.712060634,0.541716252
13121008000,0.409639097,0.285650072,0.492443266,0.512884811
13121008101,0.298237974,0.104769946,0.510535871,0.35123127
13121008102,0.195729479,0.180825877,0.23497649,0.321574064
13121008201,0.273906697,0.100276033,0.456639263,0.351927165
13121008202,0.151103631,0.18197586,0.24430689,0.183928016
13121008301,0.109035913,0.038916859,0.221428502,0.230054301
13121008302,0.181955659,0.049846113,0.417166846,0.189302476
13121008400,0.109184184,0.070802637,0.292185237,0.114991465
13121008500,0.092262784,0.142284054,0.2169494,0.089478924
13121008601,0.093802303,0.083477275,0.150776065,0.229520214
13121008602,0.220633201,0.036245191,0.411065077,0.318269918
13121008700,0.158219098,0,0.32346307,0.282850705
13121008800,0.734253705,0.66607364,0.794034092,0.698587708
13121008902,0.748207141,0.736736793,0.76458082,0.705583822
13121008903,0.498250655,0.521294516,0.380320415,0.671104476
13121008904,0.770390905,0.726064225,0.740378979,0.807166062
13121009000,0.850804391,0.758830474,0.845781271,0.875085812
13121009101,0.77505526,0.629958632,0.792609766,0.849431723
13121009102,0.770466928,0.660072808,0.839229631,0.751751073
13121009200,0.651664659,0.627240239,0.622059972,0.710321031
13121009300,0.803426001,0.605992779,0.842596915,0.891991875
13121009402,0.555757945,0.599460504,0.482201884,0.635503614
13121009403,0.646956885,0.557293797,0.693606229,0.67804821
13121009404,0.864666366,0.774042007,0.877785742,0.861031756
13121009501,0.811846975,0.670340669,0.834385415,0.863973875
13121009502,0.770182415,0.665753652,0.813055466,0.776958359
13121009601,0.627484664,0.393450282,0.679252365,0.797273944
13121009602,0.777212729,0.635894219,0.774536565,0.871523778
13121009603,0.702150806,0.654694127,0.665512116,0.773675214
13121009700,0.858505446,0.714032691,0.895936912,0.879309842
13121009801,0.857653849,0.750545349,0.851340473,0.895569003
13121009802,0.846788837,0.761741547,0.875400446,0.825447084
13121009900,0.832393908,0.752482223,0.879016988,0.789526773
13121010001,0.828298184,0.731983636,0.83983053,0.844693307
13121010002,0.896607914,0.742098792,0.900366362,0.954168457
13121010106,0.719171838,0.522335438,0.77242652,0.819631419
13121010107,0.820682213,0.620401873,0.850615425,0.917048833
13121010108,0.846737268,0.645675237,0.887433477,0.921837704
13121010110,0.787249255,0.614944556,0.806995102,0.880759157
13121010113,0.531819968,0.384133435,0.540257091,0.704444728
13121010114,0.69047692,0.589679289,0.696353714,0.766012821
13121010115,0.858215156,0.634569984,0.872562958,0.982556248
13121010117,0.693157198,0.615899938,0.649111441,0.805211624
13121010118,0.479802805,0.552673932,0.36619174,0.606254332
13121010119,0.462784149,0.495572336,0.365852108,0.613466056
13121010120,0.637838787,0.544418128,0.727839477,0.623632113
13121010121,0.826828751,0.641682525,0.901487192,0.852858872
13121010122,0.807072489,0.589468939,0.888521694,0.862872759
13121010123,0.636882564,0.588625797,0.610451493,0.719671529
13121010204,0.875012227,0.697755909,0.913238301,0.920455365
13121010205,0.855785423,0.713877814,0.850749823,0.926094101
13121010206,0.848967364,0.63301338,0.84186782,0.994939767
13121010208,0.648633876,0.532824512,0.700128455,0.698323075
13121010209,0.716917481,0.59280077,0.792580521,0.721709305
13121010210,0.789095214,0.64308963,0.792959644,0.87588852
13121010211,0.697228151,0.720545176,0.645723612,0.720647504
13121010212,0.539569137,0.570035514,0.53371133,0.556302511
13121010301,0.595406868,0.449290414,0.656476673,0.681137381
13121010303,0.613013901,0.461781575,0.623390007,0.758386583
13121010304,0.694507097,0.49377189,0.734784494,0.822883434
13121010400,0.50731167,0.422318954,0.586420664,0.543645284
13121010507,0.222637883,0.080404608,0.314207181,0.398012269
13121010508,0.385367926,0.161439006,0.609072416,0.423404913
13121010510,0.452060604,0.235363247,0.570880747,0.585905747
13121010511,0.519353747,0.340107332,0.562057081,0.68534658
13121010512,0.350567054,0.291220421,0.365666084,0.49392079
13121010513,0.437867589,0.375938141,0.444862995,0.562981446
13121010514,0.523055051,0.407336844,0.590806988,0.596921371
13121010515,0.432272857,0.271409218,0.632837976,0.421440408
13121010516,0.451091578,0.296950934,0.5549009,0.543484619
13121010601,0.282731994,0.150345932,0.436167786,0.353424036
13121010603,0.209271641,0.110096555,0.311153959,0.335745218
13121010604,0.272603216,0.193808837,0.335037182,0.404885639
13121010800,0.273669909,0.207104361,0.356388246,0.369522226
13121011000,0.067527877,0.164931778,0.128750907,0.104288088
13121011100,0.481226667,0.366521972,0.55832068,0.55748902
13121011201,0.311714473,0.238009701,0.456600626,0.326454922
13121011202,0.258001728,0.226316677,0.363816433,0.298221376
13121011301,0.348214293,0.193438491,0.520661155,0.394646881
13121011303,0.352320576,0.217527281,0.422028944,0.501615723
13121011305,0.358742065,0.325192878,0.338547794,0.516968173
13121011306,0.36427568,0.221922797,0.384719041,0.575804686
13121011405,0.600703357,0.582884129,0.605505408,0.629487464
13121011410,0.814900241,0.708707668,0.838451452,0.830977075
13121011411,0.80123636,0.708933663,0.776016821,0.867376065
13121011412,0.776437717,0.747164596,0.751340842,0.790805591
13121011414,0.764224867,0.746366949,0.702909428,0.815439153
13121011416,0.933309957,0.856600951,0.861614539,0.994305545
13121011417,0.913681197,0.827000495,0.872725833,0.954134186
13121011418,0.914506888,0.873780763,0.893522104,0.886740373
13121011419,0.858294454,0.886367244,0.831608175,0.791189314
13121011420,0.260619662,0.510515788,0.134201133,0.309607067
13121011421,0.546981216,0.661912232,0.443547631,0.597562009
13121011422,0.863261098,0.83607284,0.823855252,0.862545465
13121011423,0.918934338,0.830519471,0.885778262,0.949845762
13121011424,0.900385967,0.78630896,0.926403335,0.89122973
13121011425,0.98214197,0.981241502,0.886896871,0.981903175
13121011426,0.930392653,1,0.824681735,0.893347321
13121011427,0.94335713,0.867391695,0.932524203,0.927033965
13121011503,0.965891571,0.883249067,0.913097528,0.998496187
13121011504,0.952349288,0.883734343,0.896531379,0.979894518
13121011505,0.949925696,0.851210805,0.936638707,0.956013851
13121011506,0.935710396,0.827261911,0.930974031,0.945793002
13121011610,0.890406636,0.90893481,0.754437765,0.952493649
13121011611,0.769405918,0.743765862,0.692139925,0.845413945
13121011612,0.9844007,0.981966983,0.938936699,0.925046587
13121011613,0.824460127,0.833405869,0.794749069,0.791077086
13121011614,0.867034255,0.755004565,0.847158526,0.922674418
13121011615,0.960904409,0.899161993,0.921541946,0.95912922
13121011616,0.815832333,0.808814197,0.689187621,0.917153894
13121011617,0.925108981,0.908516657,0.865009997,0.917548752
13121011618,0.907880411,0.834932179,0.922908268,0.8699811
13121011619,0.934170245,0.937068273,0.922458419,0.846692962
13121011620,0.896053356,0.928122181,0.793242693,0.903395475
13121011621,0.987214173,0.969280651,0.901328313,0.990252807
13121011622,0.928786241,0.959196163,0.844271622,0.904324127
13121011623,0.894838834,0.907842048,0.812367881,0.896405283
13121011624,0.96880618,0.915528079,0.938131095,0.945746763
13121011625,0.916287131,0.919828987,0.852864393,0.896542146
13121011626,0.850278406,0.8860014,0.799410952,0.807697935
13121011800,0.278869997,0.30286697,0.23404581,0.439504091
13121011900,0.526267365,0.540493369,0.509975851,0.575701506
13121012000,0.047100891,0.173941164,0.135004963,0.030788197
13121012300,0.436467597,0.256754304,0.543573334,0.554454764
13135050103,0.612446646,0.709513777,0.547151233,0.611471767
13135050105,0.47351212,0.708026,0.385241854,0.417148226
13135050106,0.646268987,0.778349167,0.587393383,0.592307263
13135050107,0.75859559,0.730129059,0.803213213,0.694677487
13135050108,0.865687242,0.901820896,0.798540264,0.836894654
13135050109,0.797729852,0.812516023,0.770890577,0.764633806
13135050205,0.661012406,0.655767443,0.608633986,0.725422973
13135050208,0.759906744,0.741876859,0.751875301,0.748789994
13135050209,0.551887256,0.564426951,0.580872979,0.539615734
13135050210,0.805290776,0.795472065,0.764697881,0.809606554
13135050211,0.355777456,0.481994449,0.246418546,0.469359278
13135050212,0.939151275,0.962212217,0.850788312,0.922724555
13135050213,0.846080214,0.849341963,0.821199354,0.804791479
13135050214,0.758061904,0.677339338,0.772747718,0.78025205
13135050215,0.624271675,0.592793298,0.580354978,0.716416498
13135050216,0.855262428,0.835760184,0.824163075,0.840009079
13135050217,0.789649248,0.73675146,0.761912717,0.825171769
13135050218,0.633072866,0.68862524,0.618884118,0.60321785
13135050219,0.771813173,0.631148538,0.861499553,0.756441966
13135050220,0.61859386,0.525063104,0.583003178,0.762055741
13135050304,0.352080581,0.431720702,0.313933237,0.425956118
13135050306,0.227030459,0.377396359,0.243457065,0.21133077
13135050308,0.842874085,0.695869134,0.931015001,0.810641928
13135050309,0.765407344,0.680872377,0.777381054,0.791939227
13135050310,0.732929852,0.564456394,0.793467182,0.792722173
13135050311,0.773991298,0.578281134,0.860023019,0.814887732
13135050313,0.521827344,0.543098095,0.54190351,0.522390733
13135050314,0.533137563,0.494903686,0.569790064,0.566747938
13135050315,0.52645353,0.508325973,0.563804609,0.542328931
13135050317,0.464805632,0.439681194,0.572292368,0.424627131
13135050318,0.448879666,0.393073034,0.474654579,0.541741725
13135050319,0.313654803,0.392921139,0.321866464,0.345604092
13135050320,0.17967747,0.324875343,0.175258875,0.210470458
13135050321,0.812611614,0.732666182,0.809746659,0.836117014
13135050322,0.864011614,0.695666326,0.943014171,0.85579159
13135050410,0.334637082,0.390761135,0.423268081,0.284804851
13135050415,0.752918906,0.606661006,0.842469908,0.749647648
13135050416,0.562855536,0.568383289,0.559985026,0.591728015
13135050417,0.06935024,0.277543294,0.021026433,0.131113068
13135050418,0.17099683,0.337963362,0.224851171,0.11400689
13135050419,0.198376413,0.321501396,0.284913127,0.134506385
13135050421,0.291737689,0.391508585,0.321091336,0.286327936
13135050422,0.145122213,0.263593333,0.190005751,0.154304244
13135050423,0.318967854,0.34291521,0.333086961,0.394867688
13135050424,0.278094313,0.250651139,0.414070694,0.271022758
13135050425,0.849149311,0.881339751,0.796161697,0.812887193
13135050426,0.826130857,0.830921348,0.791627178,0.80189526
13135050427,0.71224855,0.716184187,0.687224539,0.717156838
13135050428,0.830549776,0.830675545,0.792830075,0.813096755
13135050429,0.871155246,0.878518672,0.828057133,0.839081541
13135050430,0.740447308,0.793737863,0.661340517,0.753287131
13135050431,0.51376115,0.629499873,0.484740077,0.48577451
13135050432,0.494053292,0.442855838,0.546590984,0.534609244
13135050433,0.340056049,0.411507413,0.312804462,0.412868
13135050434,0.135526956,0.226677959,0.233719817,0.110148261
13135050435,0.436059626,0.493554496,0.489904409,0.39133165
13135050436,0.479223935,0.556501475,0.51670628,0.420180056
13135050511,0.594408359,0.618665225,0.548004614,0.646657338
13135050520,0.401418484,0.439705106,0.372367658,0.486707274
13135050521,0.5159602,0.507984161,0.47636985,0.618204456
13135050522,0.51646432,0.517942299,0.529532413,0.546242433
13135050523,0.640649466,0.634675228,0.568775959,0.736274562
13135050524,0.432866352,0.422581913,0.436384321,0.514515406
13135050525,0.719437881,0.665647364,0.748283368,0.712335378
13135050526,0.404967328,0.510434216,0.329575747,0.480438757
13135050527,0.80104474,0.740231779,0.788614229,0.821777758
13135050528,0.757203936,0.646159109,0.795542607,0.780278742
13135050529,0.628991954,0.656703101,0.527571346,0.731960543
13135050530,0.796196148,0.760378472,0.798539944,0.776972199
13135050531,0.53400074,0.562586367,0.495740788,0.593393747
13135050532,0.583225932,0.673387738,0.528153415,0.586764992
13135050533,0.491076886,0.488340316,0.523250049,0.510790453
13135050534,0.49060083,0.451933956,0.57621615,0.480647608
13135050535,0.451165919,0.353622759,0.51141277,0.541735941
13135050536,0.639916199,0.556369501,0.652903734,0.708046306
13135050537,0.364106627,0.295375306,0.355384448,0.540325503
13135050538,0.750431703,0.721141918,0.727548722,0.771225088
13135050539,0.327052428,0.364384764,0.366195807,0.357276063
13135050540,0.676441148,0.650811724,0.622087564,0.757336578
13135050541,0.373724797,0.465100405,0.333601857,0.431203475
13135050542,0.414570253,0.359548239,0.523072805,0.419279239
13135050543,0.711177275,0.681813738,0.679588529,0.756186706
13135050544,0.68253932,0.682342047,0.626560801,0.738940405
13135050545,0.619131912,0.625850149,0.574963145,0.676846205
13135050546,0.649905748,0.629752606,0.662991694,0.653813837
13135050547,0.713092248,0.759378782,0.690733647,0.674006631
13135050548,0.750785926,0.701250542,0.77763916,0.731075781
13135050549,0.736168434,0.684189351,0.725065324,0.769483165
13135050605,0.797908623,0.796858076,0.759380068,0.793934554
13135050606,0.762502219,0.842798864,0.660580568,0.769230179
13135050607,0.809135898,0.751451896,0.786220861,0.836648642
13135050608,0.719473018,0.725752273,0.672254299,0.746279758
13135050609,0.836789131,0.84509568,0.80089663,0.807142726
13135050610,0.842453907,0.873841341,0.778971585,0.821900036
13135050709,0.647198695,0.500847839,0.676144936,0.753677365
13135050712,0.879329058,0.9208859,0.772223999,0.888588445
13135050713,0.868614243,0.822385319,0.877356942,0.826406652
13135050714,0.872711591,0.877970415,0.764380916,0.920460825
13135050715,0.829315611,0.914622582,0.760580591,0.76809178
13135050718,0.87443188,0.979587319,0.795703066,0.790498942
13135050719,0.675555793,0.619250165,0.682028509,0.713033561
13135050720,0.804139921,0.713465015,0.775233376,0.872139115
13135050721,0.661466421,0.632153598,0.614194084,0.742600531
13135050722,0.487423066,0.479789701,0.583575169,0.436245998
13135050723,0.642524871,0.552814012,0.683807567,0.681653468
13135050724,0.744527012,0.754924169,0.6473455,0.818671295
13135050725,0.711461074,0.621720669,0.718020205,0.76828634
13135050726,0.787772791,0.777240013,0.715941207,0.83640212
13135050727,0.817611414,0.735010019,0.856622148,0.791614702
13135050728,0.693103206,0.6123265,0.680214464,0.771118149
13135050729,0.631526599,0.597510701,0.536389125,0.785091094
13135050730,0.689176211,0.68878195,0.655078124,0.717169907
13135050731,0.69084372,0.600757171,0.753383498,0.687949297
13151070104,0.706933681,0.679871976,0.670759648,0.756729346
13151070106,0.503462554,0.470599896,0.609288443,0.459198294
13151070107,0.625802491,0.513977872,0.700385116,0.651911112
13151070108,0.64943034,0.559317585,0.749645611,0.615749197
13151070109,0.650249592,0.493721234,0.764525537,0.662904113
13151070110,0.657937436,0.630692533,0.696967616,0.634663714
13151070111,0.539367835,0.50274529,0.617843751,0.519029181
13151070113,0.42929853,0.499165675,0.482849191,0.375450521
13151070114,0.534127224,0.549838894,0.62874465,0.44618318
13151070202,0.849556299,0.799509973,0.844665516,0.834020611
13151070203,0.814096568,0.76566066,0.816553305,0.800560987
13151070204,0.755749747,0.682875254,0.76402693,0.778939072
13151070205,0.678331995,0.616487449,0.684212529,0.72084955
13151070304,0.391813018,0.315801682,0.475814057,0.453958592
13151070305,0.715728307,0.623180511,0.74184639,0.750257142
13151070306,0.690101092,0.592916913,0.753935584,0.692697641
13151070307,0.637803644,0.418942653,0.759729145,0.705215903
13151070309,0.743926731,0.635057801,0.844648248,0.694620592
13151070310,0.661231792,0.577549649,0.700167754,0.690890721
13151070311,0.528092365,0.452012991,0.612842078,0.541880704
13151070402,0.72871038,0.744829231,0.742208842,0.669957199
13151070403,0.567652315,0.55142074,0.68494332,0.47132926
13151070404,0.643030971,0.546779018,0.704646028,0.663816109
13151070501,0.445581404,0.438629563,0.47812035,0.484751568
13151070502,0.654615457,0.488031667,0.773497076,0.669831022
13223120101,0.762812248,0.70784905,0.772692941,0.76448499
13223120102,0.777972688,0.734448787,0.795254515,0.754530088
13223120103,0.805471917,0.771968359,0.837207869,0.745496505
13223120104,0.852819923,0.82080152,0.888059552,0.770704843
13223120202,0.678491965,0.581709916,0.749930803,0.675618437
13223120203,0.720078473,0.683735276,0.72136088,0.729175517
13223120204,0.651578525,0.647473949,0.623721964,0.688734284
13223120301,0.581910718,0.555973385,0.749202606,0.429838842
13223120302,0.522432307,0.502004891,0.622526462,0.466546306
13223120303,0.6532346,0.615982997,0.788677303,0.525365299
13223120400,0.620962729,0.582396019,0.712722443,0.558073958
13223120501,0.598580528,0.554341785,0.675064089,0.567269454
13223120502,0.614978346,0.573814047,0.699007335,0.565946034
13223120503,0.681610396,0.557616593,0.803131326,0.64351537
13223120601,0.70823883,0.647991063,0.783770889,0.655139513
13223120602,0.649553683,0.592637569,0.717059353,0.623373795
13223120603,0.669480554,0.592574865,0.769932174,0.615894362
13223120604,0.674012502,0.584041523,0.745900908,0.665647943
13223120605,0.673858905,0.649741764,0.704449715,0.652178978
13247060101,0.564938632,0.511647462,0.677834733,0.510279112
13247060102,0.571441887,0.526839276,0.608299734,0.597538334
13247060201,0.271051579,0.401530391,0.271741539,0.277919868
13247060202,0.602332396,0.529593366,0.698666723,0.573123008
13247060304,0.488557885,0.466152893,0.509683471,0.541227494
13247060305,0.421737304,0.432692719,0.404619489,0.511742949
13247060306,0.65814049,0.529065482,0.743771968,0.676196844
13247060307,0.605533582,0.508892827,0.660001413,0.648351304
13247060308,0.40352498,0.417003694,0.463143265,0.405298238
13247060309,0.475247779,0.504478936,0.520069433,0.454719453
13247060403,0.594378217,0.529323005,0.664128826,0.59252556
13247060404,0.572351553,0.478122512,0.658261653,0.586667814
13247060405,0.727464102,0.631639622,0.761940745,0.750994033
13247060406,0.683051654,0.538248311,0.78705483,0.685394414
13247060407,0.643998876,0.551839232,0.696174369,0.671871397
