"","county","weave_ct2010","ChildZ","FamilyZ","CommunityZ","CWB_Z"
"1","Butts",13035150100,-0.0412783501117991,0.366061022890712,-0.338990828261681,-0.00473605182758944
"2","Butts",13035150200,-0.206014715030442,-0.536787989362919,-0.770442112275815,-0.504414938889725
"3","Butts",13035150300,0.0404426614563934,0.235942725920766,-0.450002288417452,-0.0578723003467641
"4","Cherokee",13057090100,0.623989308346369,0.37766851632533,0.372200247429702,0.457952690700467
"5","Cherokee",13057090200,0.186697064713315,0.397711698925338,0.0763182038956416,0.220242322511432
"6","Cherokee",13057090300,0.289299209133971,0.71433583946485,0.468477029578157,0.490704026058992
"7","Cherokee",13057090400,-0.0809729686052272,-0.666525654426292,-0.771311924289963,-0.506270182440494
"8","Cherokee",13057090501,0.908854418316224,0.700580528945564,0.323728677283991,0.644387874848593
"9","Cherokee",13057090502,1.03203152186312,0.634733530447192,0.635944418262301,0.767569823524205
"10","Cherokee",13057090601,-0.0791733149624086,-0.253159263663746,-0.473374845603097,-0.26856914140975
"11","Cherokee",13057090602,0.64862973931573,0.0332984138987753,-0.0980967239907415,0.194610476407921
"12","Cherokee",13057090701,0.815754130315893,0.746153946903856,0.609705547827835,0.723871208349194
"13","Cherokee",13057090702,0.676742045458866,0.308588075338259,0.287715945908799,0.424348688901975
"14","Cherokee",13057090802,0.764500686886795,0.775098241324986,0.786169882400543,0.775256270204108
"15","Cherokee",13057090803,1.03761366473314,0.911780577413539,0.755185436330394,0.901526559492357
"16","Cherokee",13057090804,0.971233229312216,1.25727034321551,0.700432792034446,0.976312121520724
"17","Cherokee",13057090901,0.661706210860482,0.934373774721552,0.59645070351028,0.730843563030771
"18","Cherokee",13057090902,0.981048071880367,0.737436521042605,0.770271410845435,0.829585334589469
"19","Cherokee",13057090904,0.664432092971564,0.279657851333177,0.409509199782561,0.451199714695767
"20","Cherokee",13057090905,0.609592444446348,0.471666789113812,0.63603290201304,0.572430711857734
"21","Cherokee",13057091001,0.252823026486749,0.0582357882601415,0.207061309360754,0.172706708035881
"22","Cherokee",13057091003,0.388761001080425,-0.0723645882194058,-0.114546646597433,0.0672832554211956
"23","Cherokee",13057091005,0.522980653822681,0.545584513448474,0.284693190951594,0.451086119407583
"24","Cherokee",13057091006,0.894374479668866,0.885244731505932,0.916327868631868,0.898649026602222
"25","Cherokee",13057091007,1.09185581789893,0.912737409932645,1.02188972944436,1.00882765242531
"26","Cherokee",13057091008,0.7532326423768,1.10817834335667,0.963788236086681,0.94173307394005
"27","Cherokee",13057091101,0.740554543015521,0.632005388088793,0.608666346928993,0.660408759344436
"28","Cherokee",13057091102,0.504687461556092,0.376451917427447,-0.0188607290470108,0.287426216645509
"29","Cherokee",13057091103,0.749387439830111,0.904783343556474,0.594966938606606,0.74971257399773
"30","Clayton",13063040202,-1.14618589331187,-1.12509330930162,-0.883840537320471,-1.05170657997799
"31","Clayton",13063040203,-1.01440430594909,-0.563216370515994,-0.767602083965624,-0.78174092014357
"32","Clayton",13063040204,-1.54763876822184,-0.5001947660313,-0.453770927074749,-0.833868153775963
"33","Clayton",13063040302,-1.08889560529989,-1.60453137169446,-1.39943392187502,-1.36428696628979
"34","Clayton",13063040303,-1.14902786657912,-1.38725440403995,-2.21748224858706,-1.58458817306871
"35","Clayton",13063040306,-1.12791006717644,-2.616583932134,-2.16335096364883,-1.96928165431976
"36","Clayton",13063040307,-1.15321018359077,-1.37024810893181,-1.375277145664,-1.29957847939552
"37","Clayton",13063040308,-1.12439969580259,-1.60222756930666,-1.45281960272962,-1.39314895594629
"38","Clayton",13063040407,-0.386510569141342,-0.503538944613308,-0.587493502904855,-0.492514338886501
"39","Clayton",13063040408,-0.468531753938398,-0.424694755206007,-0.81797099246181,-0.570399167202072
"40","Clayton",13063040409,-0.629574400434536,-0.294657702484051,-0.355968536839387,-0.426733546585991
"41","Clayton",13063040410,-0.738691514839101,-1.58908844726658,-0.842155034278651,-1.05664499879478
"42","Clayton",13063040411,-0.269774579670562,0.134201893884751,0.0741642692873437,-0.020469472166156
"43","Clayton",13063040412,-0.541061482129771,-0.376556516511515,-1.19591307944839,-0.704510359363224
"44","Clayton",13063040413,-0.551306587349049,-0.975997826410178,-0.591860540299184,-0.706388318019471
"45","Clayton",13063040414,-0.843381677509137,-1.01701706007847,-1.41505231346307,-1.09181701701689
"46","Clayton",13063040415,-1.08459450284897,-1.46310965336017,-1.61634733513782,-1.38801716378232
"47","Clayton",13063040416,-0.595002239005405,-1.262770790176,-1.18907863735808,-1.01561722217983
"48","Clayton",13063040417,-0.762954468787115,-1.56317985030673,-1.1439051828689,-1.15667983398758
"49","Clayton",13063040509,-0.721414811797016,0.495724461891366,-0.405769547763002,-0.210486632556217
"50","Clayton",13063040510,-1.06452849401284,-0.61880579309356,-0.727256747194858,-0.803530344767085
"51","Clayton",13063040512,-0.742617239109535,-0.368827683017758,-0.672530719947669,-0.594658547358321
"52","Clayton",13063040513,-0.489531101410294,0.233669527697227,-0.467320042547715,-0.241060538753594
"53","Clayton",13063040514,-0.972339754049092,-1.24682135289022,-1.02520042273926,-1.08145384322619
"54","Clayton",13063040515,-0.493141463931915,-0.175141891043105,-0.881214650828844,-0.516499335267955
"55","Clayton",13063040516,-0.771828786921229,-1.17908978318805,-0.795886149605792,-0.915601573238357
"56","Clayton",13063040518,-1.12600253485897,-0.820291811038666,-1.30945044831429,-1.08524826473731
"57","Clayton",13063040519,-0.780612170000763,-1.20570404578894,-0.855081073554367,-0.947132429781357
"58","Clayton",13063040520,-1.46112538240662,-0.781477194006241,-0.605185048287324,-0.949262541566729
"59","Clayton",13063040521,-1.05179807949941,-0.486178307605022,-1.12220166000311,-0.886726015702513
"60","Clayton",13063040522,-0.607258002639744,-1.27034529126957,-1.37235909940607,-1.0833207977718
"61","Clayton",13063040523,-0.80403378361737,-0.405287771413085,-0.971285325786015,-0.726868960272157
"62","Clayton",13063040524,-0.86024242637652,-0.151743528830764,-0.663091534608357,-0.55835916327188
"63","Clayton",13063040525,-0.50860068377586,-0.702819426630765,-0.559320774718871,-0.590246961708499
"64","Clayton",13063040526,-0.795299139207982,-0.609364469272975,-0.581928206213919,-0.662197271564959
"65","Clayton",13063040606,-0.487737320421813,-0.971347442209856,-0.364183254700914,-0.607756005777528
"66","Clayton",13063040608,-0.521763839003049,0.359604345695381,0.135440853159338,-0.00890621338277668
"67","Clayton",13063040609,-0.322520978690456,0.377909535694351,-0.0273340863930868,0.00935149020360247
"68","Clayton",13063040611,-0.902104587212567,-1.22890870377144,-1.48626372026994,-1.20575900375131
"69","Clayton",13063040612,-0.872966481433503,-0.895812996630845,-0.563563900087321,-0.777447792717223
"70","Clayton",13063040613,-0.377773276015232,-0.266539425768869,-0.131228248694543,-0.258513650159548
"71","Clayton",13063040614,-0.456220804282515,0.525402528740128,0.334406103526305,0.134529275994639
"72","Clayton",13063040615,-0.347976095937424,-0.585222460164704,-0.113391290092829,-0.348863282064986
"73","Clayton",13063040616,-0.704620494782366,-0.224188937732898,-0.383274279674169,-0.437361237396478
"74","Clayton",13063040617,-0.553891859537979,-1.49988283447185,-1.24718138828147,-1.1003186940971
"75","Clayton",13063040619,-0.503836684604389,-0.815114538294277,-0.473761194811152,-0.597570805903272
"76","Clayton",13063040620,-0.861101678610124,0.140831916804709,-0.498737272730829,-0.406335678178748
"77","Clayton",13063040621,-0.652288704078475,0.179504800628703,-0.0169916027539676,-0.163258502067913
"78","Clayton",13063040622,-0.517345462751507,-0.900707199740705,-0.436406370892616,-0.618153011128276
"79","Cobb",13067030101,0.821711102275984,0.487274799823998,0.375018647879514,0.561334849993165
"80","Cobb",13067030103,0.818413326212133,0.602933517040847,0.543596564030665,0.654981135761215
"81","Cobb",13067030104,0.370060365597166,0.0105173119861394,0.186627624492881,0.189068434025395
"82","Cobb",13067030106,0.247293780452156,-0.141776431679636,-0.164362421821665,-0.0196150243497152
"83","Cobb",13067030107,0.617802729606034,0.890635773350713,0.553203913366929,0.687214138774559
"84","Cobb",13067030209,1.23565350121542,1.3409532985432,0.960920474006576,1.17917575792173
"85","Cobb",13067030214,0.967029242396337,0.835408618801854,0.589181220641832,0.797206360613341
"86","Cobb",13067030215,0.339217350232067,0.603949537325292,0.474016658155632,0.472394515237664
"87","Cobb",13067030218,0.966689988095597,1.07686662362727,0.96220132646761,1.00191931273016
"88","Cobb",13067030219,1.04830431790883,0.947773111133755,1.0475847108784,1.01455404664033
"89","Cobb",13067030220,0.337974430381571,0.386733587866729,0.209219994967565,0.311309337738622
"90","Cobb",13067030222,0.589004125624955,0.65895879561176,0.69204664157121,0.646669854269308
"91","Cobb",13067030223,0.552698496038807,0.73950372062886,0.645632723349805,0.645944980005824
"92","Cobb",13067030224,0.70344749397709,0.78099027317256,0.737297517377224,0.740578428175625
"93","Cobb",13067030226,0.676679832457042,0.756092178959243,0.760578321853823,0.731116777756703
"94","Cobb",13067030227,0.526317291867093,0.382498218206637,0.0014833611601723,0.303432957077967
"95","Cobb",13067030228,0.272516821042477,-0.0943410771602254,0.282006591970912,0.153394111951054
"96","Cobb",13067030229,0.0929550624076078,0.29280204584025,0.112291136186911,0.166016081478256
"97","Cobb",13067030230,0.158479208784552,0.402603079797677,0.404542338011554,0.321874875531261
"98","Cobb",13067030231,0.968796992187579,1.23441357806136,1.10202094771946,1.1017438393228
"99","Cobb",13067030232,0.824800787442405,0.961461799753609,0.704865714746627,0.830376100647547
"100","Cobb",13067030233,1.09334214874789,1.1466513984666,0.963063838520584,1.06768579524503
"101","Cobb",13067030234,1.08335492118763,0.971216432014694,1.08912556405441,1.04789897241891
"102","Cobb",13067030235,1.20052883552585,1.14433336557287,0.947756051337134,1.09753941747862
"103","Cobb",13067030236,1.29994736452159,1.02316956503364,1.33363988443857,1.21891893799793
"104","Cobb",13067030238,1.27738544788233,0.881092720733393,1.08536441194948,1.0812808601884
"105","Cobb",13067030239,1.31136975032945,0.953008505019505,1.03224853481825,1.0988755967224
"106","Cobb",13067030310,0.500812456462862,0.386634801518589,0.529628335135766,0.472358531039073
"107","Cobb",13067030311,0.701346999710489,1.24469654739381,0.760007922442869,0.902017156515722
"108","Cobb",13067030312,0.320289292448619,0.690059299013057,0.54597443737246,0.518774342944712
"109","Cobb",13067030313,0.481805389331385,0.933063395852492,0.650015402732201,0.688294729305359
"110","Cobb",13067030314,1.10818126545877,0.842604086150282,0.769839046573328,0.906874799394125
"111","Cobb",13067030318,1.06633185313242,0.973905076008365,1.13373211263626,1.05798968059235
"112","Cobb",13067030319,1.15130959192113,1.01007267660623,1.27827234926185,1.14655153926307
"113","Cobb",13067030320,0.350675828701452,0.826231373297135,1.03558642887415,0.737497876957578
"114","Cobb",13067030322,1.42030366976188,1.04803825203735,1.03476961874434,1.16770384684785
"115","Cobb",13067030324,0.356845084603331,1.12019355195254,0.636411726495119,0.70448345435033
"116","Cobb",13067030326,1.44469770874008,1.24772409966126,1.17773644701619,1.29005275180584
"117","Cobb",13067030327,1.28474353176483,1.18850055449651,1.08966563625501,1.18763657417212
"118","Cobb",13067030328,1.41152625553474,1.26486545228736,1.1903856428966,1.2889257835729
"119","Cobb",13067030329,1.07655731731259,1.23055210619841,1.00171330194385,1.10294090848495
"120","Cobb",13067030330,1.46150291622015,1.03165013327074,1.10915020405881,1.20076775118323
"121","Cobb",13067030331,1.1553823086638,1.19268320218536,1.31302879705942,1.22036476930286
"122","Cobb",13067030332,1.41321030436046,1.11749055623755,1.19762507472662,1.24277531177488
"123","Cobb",13067030333,1.41218187487893,1.27328082356089,1.08375873753268,1.25640714532417
"124","Cobb",13067030334,1.11113696442456,1.11608048550135,1.16831784747422,1.13184509913338
"125","Cobb",13067030335,1.53925913831969,1.24830365081953,1.35455603643793,1.38070627519238
"126","Cobb",13067030336,1.46885412936065,1.02182618858966,1.23961447646639,1.2434315981389
"127","Cobb",13067030337,1.50323346582712,1.20996071935576,1.34965203887409,1.35428207468566
"128","Cobb",13067030339,0.113185842032241,0.82685871051055,0.783294705069923,0.574446419204238
"129","Cobb",13067030340,1.378877032851,1.5085099051665,1.15726247953871,1.34821647251874
"130","Cobb",13067030341,1.36759138434088,1.11267644467561,1.13675221180184,1.20567334693944
"131","Cobb",13067030342,1.56290751417894,1.09288095514656,1.22106851042786,1.29228565991779
"132","Cobb",13067030343,1.07180304247606,1.26046823906563,1.29072898094909,1.20766675416359
"133","Cobb",13067030344,-0.274381420222199,0.235647867523701,0.149563186328573,0.0369432112100251
"134","Cobb",13067030345,-0.671763246018926,-0.186495053001807,0.163922589295636,-0.231445236575032
"135","Cobb",13067030405,-0.308012598814637,-0.0964343196047002,-0.234958673010187,-0.213135197143175
"136","Cobb",13067030407,0.38051688774003,0.86701086448378,0.732559417595398,0.660029056606403
"137","Cobb",13067030408,-0.197736271129006,0.83421311985379,0.345567320484734,0.327348056403173
"138","Cobb",13067030409,0.894406799646108,0.934476032172787,1.05096626423251,0.959949698683801
"139","Cobb",13067030410,-0.168403373672682,0.0675707442663028,0.247389368395362,0.0488522463296607
"140","Cobb",13067030411,-0.541836975148916,-1.64736534699576,-0.682974743877812,-0.95739235534083
"141","Cobb",13067030412,-0.698074169861897,-1.03671390723999,-0.494721735135102,-0.74316993741233
"142","Cobb",13067030413,-0.866726177777306,-0.43595170590589,-0.50507495630082,-0.602584279994672
"143","Cobb",13067030414,-0.357302539036556,-1.22782089422796,-1.0135342161007,-0.866219216455072
"144","Cobb",13067030502,0.76210515959887,0.906049585534652,0.486268768829745,0.718141171321089
"145","Cobb",13067030504,0.278067761778107,-0.161017432595471,-0.114614040996359,0.000812096062092297
"146","Cobb",13067030505,-0.300729499646895,-0.928182575596343,-0.0605403052114368,-0.429817460151558
"147","Cobb",13067030506,0.208388566580984,0.207917113963234,0.415958886364611,0.277421522302943
"148","Cobb",13067030507,0.580226878619491,0.485975657784962,0.414330910970514,0.493511149124989
"149","Cobb",13067030601,-0.123702246245451,0.125239252706729,0.562518809137123,0.188018605199467
"150","Cobb",13067030602,0.471328575815097,0.572492496535899,0.558848905530982,0.53422332596066
"151","Cobb",13067030700,-0.0668529921134964,-0.759587691302524,-0.46119350803516,-0.429211397150394
"152","Cobb",13067030800,-0.404767922366051,-1.6872177971776,-0.70025047683077,-0.930745398791473
"153","Cobb",13067030901,0.107091798044051,0.186556683943027,0.1224340804135,0.138694187466859
"154","Cobb",13067030902,-0.94015168791367,-1.03137438179932,-1.14336515749304,-1.03829707573534
"155","Cobb",13067030904,-0.379060821059491,-1.38216251937124,-0.997686121338764,-0.919636487256497
"156","Cobb",13067030905,-0.688435455877854,-0.135819473608126,-0.854299676526794,-0.559518202004258
"157","Cobb",13067031001,-1.03784519441386,-1.87472229126259,-1.9307052402302,-1.61442424196888
"158","Cobb",13067031002,-0.687483427390384,-1.57701866403051,-1.49905390887278,-1.25451866676456
"159","Cobb",13067031004,-0.821494012143375,-1.1755672469884,-1.59103234115871,-1.19603120009683
"160","Cobb",13067031005,-0.795556755833878,-0.519150524521666,-1.13752742546261,-0.81741156860605
"161","Cobb",13067031101,-0.229002216573409,-1.09309321157824,-1.01797005972438,-0.78002182929201
"162","Cobb",13067031106,-0.647321995948974,0.406708774857079,-0.205488920079305,-0.148700713723734
"163","Cobb",13067031108,-0.318009440643661,-0.545916613418027,-0.0413868677420694,-0.301770973934586
"164","Cobb",13067031110,-0.465159922472517,-0.0518336589377497,-0.444236442858089,-0.320410008089452
"165","Cobb",13067031111,-0.215613087823369,1.00236390589289,0.609659730535261,0.465470182868262
"166","Cobb",13067031112,0.160811849539693,0.730891397734376,0.560693462667135,0.484132236647068
"167","Cobb",13067031113,-0.920256916824283,-1.34672778514464,-0.304777399472874,-0.857254033813933
"168","Cobb",13067031114,-0.52318523475836,-0.479202110229213,-0.188433304312131,-0.396940216433234
"169","Cobb",13067031115,-0.496711745256962,0.0359942081288285,-0.089883219938834,-0.183533585688989
"170","Cobb",13067031116,-0.742348826153331,-1.2972582059169,-0.880217178014633,-0.973274736694954
"171","Cobb",13067031117,-0.0316755902930756,1.24992490039728,0.680167774444521,0.632805694849577
"172","Cobb",13067031118,0.0223000737219435,0.638671058490065,0.21335129558965,0.291440809267219
"173","Cobb",13067031205,0.0577027348675406,0.791689533241393,0.562750281327776,0.47071418314557
"174","Cobb",13067031206,0.143041674460417,1.07493204602751,0.241317468378454,0.486430396288795
"175","Cobb",13067031207,0.0650985022983017,0.502503423425138,0.583980462990233,0.383860796237891
"176","Cobb",13067031208,0.125247501611593,1.16405565826609,0.564803725347208,0.618035628408297
"177","Cobb",13067031209,0.104216408264715,0.949895046342836,0.67603913719918,0.576716863935577
"178","Cobb",13067031211,-0.222603052612319,0.765022092407542,0.339089754337673,0.293836264710965
"179","Cobb",13067031212,0.0210095566464719,1.13356758111867,0.765764256862989,0.640113798209377
"180","Cobb",13067031306,-0.805302903118049,-0.232139926905359,-0.301661562490856,-0.446368130838088
"181","Cobb",13067031307,-0.222416415572511,0.870502770927579,0.334082165015198,0.327389506790089
"182","Cobb",13067031308,-0.652779135128679,-0.768204945756906,-0.461374517973853,-0.627452866286479
"183","Cobb",13067031309,-0.515628406167814,-0.165639026517117,-0.58049047446828,-0.420585969051071
"184","Cobb",13067031310,-0.765001405308704,-1.57536961735482,-1.02444631178258,-1.1216057781487
"185","Cobb",13067031311,-0.661155338263475,-1.06939191520615,-0.619899970541443,-0.78348240800369
"186","Cobb",13067031312,-0.656969915474191,-0.189856537884266,-0.220456060277417,-0.355760837878625
"187","Cobb",13067031313,-0.0325554262375434,1.01281503089337,0.558041730558264,0.512767111738029
"188","Cobb",13067031404,-0.290643200817262,0.617507901897875,0.385757770771076,0.237540823950563
"189","Cobb",13067031405,-0.415654460977589,0.133794103906433,-0.609362598810839,-0.297074318627332
"190","Cobb",13067031406,-0.491980924551409,-0.0663520092787889,0.0153930472942724,-0.180979962178642
"191","Cobb",13067031408,-0.622737822668404,-0.20600705359593,-0.281318742248301,-0.370021206170878
"192","Cobb",13067031409,-0.417977775446081,-0.360433883135243,0.0522169908385494,-0.242064889247591
"193","Cobb",13067031503,-0.0901476818711918,0.0263707216927322,-0.222766150598925,-0.0955143702591283
"194","Cobb",13067031505,0.348096081326596,0.408940008980677,-0.198917225969087,0.186039621446062
"195","Cobb",13067031506,0.295887630176284,0.263901066532286,-0.170229082931198,0.129853204592457
"196","Cobb",13067031507,-0.274500136499003,-0.272149157639567,-0.419077675894031,-0.321908990010867
"197","Cobb",13067031508,0.31811463590022,0.595626738969594,0.253306061905165,0.389015812258326
"198","Cobb",13067031509,-0.090609654275294,0.544377777670387,0.0978443184929545,0.183870813962682
"199","Coweta",13077170100,0.1478176421071,0.131534889933373,0.0348296486250693,0.104727393555181
"200","Coweta",13077170200,0.415305143822918,-0.288842069490137,-0.180724342757693,-0.0180870894749706
"201","Coweta",13077170303,0.770795630220992,1.14788412877018,0.412002567347095,0.776894108779421
"202","Coweta",13077170304,0.491205688488304,0.735783341887728,0.460946700224616,0.562645243533549
"203","Coweta",13077170305,0.131859636504108,-0.588875567559824,-0.319816692299993,-0.258944207785236
"204","Coweta",13077170306,0.210507926913679,0.445826716999133,0.443339441466584,0.366558028459799
"205","Coweta",13077170402,0.843937292740313,0.722411985324986,0.62898510061381,0.73177812622637
"206","Coweta",13077170403,0.879699872081685,0.438416295836907,0.5531734234434,0.623763197120664
"207","Coweta",13077170404,0.73541653581498,0.954374268957972,0.591709114154128,0.760499972975693
"208","Coweta",13077170405,0.260413584817003,0.654782920803257,0.0180619374582999,0.311086147692853
"209","Coweta",13077170406,0.85771962581024,0.869787264863744,0.509178440982549,0.745561777218844
"210","Coweta",13077170501,0.402463477405898,0.568132924419025,0.0378174836922361,0.336137961839053
"211","Coweta",13077170502,0.333329070236884,0.754029100503671,0.320974243490928,0.469444138077161
"212","Coweta",13077170503,0.407516608169304,0.771494202380646,0.250458561969967,0.476489790839972
"213","Coweta",13077170601,-0.0552030250309526,-0.346924293577631,-0.45049587967825,-0.284207732762278
"214","Coweta",13077170602,0.408270810992283,1.15939494517903,0.835905261939246,0.801190339370186
"215","Coweta",13077170603,0.355636057239423,0.848104973524906,0.358500175103868,0.520747068622732
"216","Coweta",13077170700,0.00958828053728563,-0.515835199686898,-0.678794587307371,-0.395013835485661
"217","Coweta",13077170801,0.3759285478386,0.296555876574751,-0.243623869449686,0.142953518321222
"218","Coweta",13077170802,0.282252989161171,0.190842420947061,-0.181915994146765,0.0970598053204891
"219","DeKalb",13089020100,0.856304963533928,1.08798438620615,1.13892950358532,1.02773961777513
"220","DeKalb",13089020200,0.895325083929787,1.03267357874214,0.841124719280225,0.923041127317385
"221","DeKalb",13089020300,0.918252738395912,1.27013110600097,1.05903584199,1.08247322879563
"222","DeKalb",13089020400,0.788123696603148,1.13552337422183,0.769174688159883,0.897607252994955
"223","DeKalb",13089020500,-0.520975802993873,0.101086006768434,-0.473351267458348,-0.297747021227929
"224","DeKalb",13089020600,-0.839205911570034,-0.624400632770496,-0.309132291876393,-0.590912945405641
"225","DeKalb",13089020700,-0.355985769464639,0.120500042792132,-0.223369966085759,-0.152951897586089
"226","DeKalb",13089020801,-0.481924814821629,0.423625324959152,-0.430876687973891,-0.163058725945456
"227","DeKalb",13089020802,-0.475875463986361,0.317374221072817,-0.364754036705215,-0.174418426539586
"228","DeKalb",13089020900,-0.161603305158176,-0.0430418573796472,-0.523611390519726,-0.242752184352517
"229","DeKalb",13089021101,0.623424956417705,0.948817990694438,1.14857486647902,0.906939271197054
"230","DeKalb",13089021102,0.689170224320425,0.967242333780589,1.18302475304504,0.946479103715351
"231","DeKalb",13089021202,0.752790577444199,1.07747164568321,0.844795506031473,0.891685909719628
"232","DeKalb",13089021204,-0.888530822435114,-1.89877913291492,-2.03423566944163,-1.60718187493055
"233","DeKalb",13089021208,0.522228222520983,0.151300606602335,0.0198194940587282,0.231116107727349
"234","DeKalb",13089021209,0.928221032580991,0.986044498901055,1.07732577246763,0.997197101316559
"235","DeKalb",13089021210,0.680716573766742,1.19454038553825,0.892828931608843,0.922695296971279
"236","DeKalb",13089021211,0.40513226123757,1.18568365787855,0.906590427249231,0.832468782121785
"237","DeKalb",13089021213,0.640995719230712,1.15852728315881,1.10492279839058,0.968148600260035
"238","DeKalb",13089021214,0.65632557514813,0.891610715987162,0.856916533949297,0.80161760836153
"239","DeKalb",13089021215,0.258422106505478,0.891890853315933,0.917258004430968,0.68919032141746
"240","DeKalb",13089021216,0.177132932878168,0.635105672944197,0.686656740020238,0.499631781947534
"241","DeKalb",13089021217,0.27259107512337,0.62439737442619,0.40757604971976,0.434854833089773
"242","DeKalb",13089021218,0.161004250771804,0.467064835266191,0.544821635205432,0.390963573747809
"243","DeKalb",13089021301,0.279430851036543,-0.750075429423685,-0.239716794865145,-0.236787124417429
"244","DeKalb",13089021303,-1.04772872292953,-1.74952674053298,-1.90053327898079,-1.56592958081443
"245","DeKalb",13089021305,0.0579497843579511,-1.19772182953411,-1.16729648422171,-0.769022843132625
"246","DeKalb",13089021306,-0.169226892022935,-1.32678628594736,-0.858844384143951,-0.784952520704749
"247","DeKalb",13089021307,-0.827928858884801,-1.48208772452795,-1.90470728581968,-1.40490795641081
"248","DeKalb",13089021308,-0.880004667778198,-1.16824580117458,-1.42258124800742,-1.1569439056534
"249","DeKalb",13089021405,0.43319249858226,0.916879255816324,0.858101652360377,0.736057802252987
"250","DeKalb",13089021409,-1.13108774669721,-1.07596112168435,-1.78641489427788,-1.33115458755315
"251","DeKalb",13089021410,-1.08569588048325,-1.47577124584819,-1.50770134936589,-1.35638949189911
"252","DeKalb",13089021411,0.711285953968837,1.16500260111451,1.12940095004128,1.00189650170821
"253","DeKalb",13089021412,0.734079729076603,1.00494263606251,0.951503650031096,0.896842005056736
"254","DeKalb",13089021413,-1.12849516931512,-1.97117335269539,-1.86075927888183,-1.65347593363078
"255","DeKalb",13089021414,-0.927957176206092,-1.28753937077126,-1.43535141139767,-1.21694931945834
"256","DeKalb",13089021415,-1.03334530025582,0.0335829207120959,-0.365046437547152,-0.454936272363625
"257","DeKalb",13089021416,-0.725650626232806,-1.15797764921884,-1.63018281867294,-1.1712703647082
"258","DeKalb",13089021417,-1.28364573984244,-2.08617478250384,-1.4568628679503,-1.6088944634322
"259","DeKalb",13089021502,0.0392587576412124,0.583591867602696,0.705345475249715,0.442732033497875
"260","DeKalb",13089021503,0.146131851071609,0.0925303564880182,0.0264875941610125,0.0883832672402134
"261","DeKalb",13089021504,0.0419408243973275,0.30278175353163,0.870464266705976,0.405062281544978
"262","DeKalb",13089021602,0.512503910997843,0.804745413665939,0.80681704448443,0.708022123049404
"263","DeKalb",13089021603,0.340899472581123,0.519172237216757,1.027774992938,0.629282234245293
"264","DeKalb",13089021604,0.654024218000921,1.61352497231453,1.22198586372847,1.16317835134797
"265","DeKalb",13089021605,0.296716264550316,-0.199706312478252,0.515346682322142,0.204118878131402
"266","DeKalb",13089021703,0.751292526616708,1.3379710274448,0.793645535537817,0.960969696533109
"267","DeKalb",13089021704,0.471177812955248,0.893369399201522,0.864960760040261,0.743169324065677
"268","DeKalb",13089021705,0.0476505665310527,-0.309951852821227,0.277660154808306,0.00511962283937725
"269","DeKalb",13089021706,0.374191084988122,0.665963633632113,0.934524173172458,0.658226297264231
"270","DeKalb",13089021805,-0.317218419283781,0.00928406758288799,0.393507392150886,0.0285243468166645
"271","DeKalb",13089021806,-0.459993210006723,-1.05990011517905,-0.302786872841651,-0.607560066009142
"272","DeKalb",13089021808,0.252437529199456,0.4454581437003,0.805666844954064,0.501187505951273
"273","DeKalb",13089021809,0.284888732175969,1.17346199540045,0.748285207892607,0.735545311823007
"274","DeKalb",13089021810,0.127443751258436,0.897250265978829,0.631190984917932,0.551961667385066
"275","DeKalb",13089021812,0.0634567139007049,-0.0456284909808128,0.420575136583554,0.146134453167815
"276","DeKalb",13089021813,-0.427717649156856,-1.81233305789011,-0.912034801818769,-1.05069516962191
"277","DeKalb",13089021814,-0.588006353749818,-1.47335560150108,-0.444469526729935,-0.835277160660277
"278","DeKalb",13089021906,-0.909396085862669,-0.619203081854003,-0.619146476190452,-0.715915214635708
"279","DeKalb",13089021907,-0.411935304433371,0.362207561333351,0.109746091385989,0.0200061160953232
"280","DeKalb",13089021908,-0.996450509979784,-0.721126312305228,-0.497370872275169,-0.738315898186727
"281","DeKalb",13089021909,-1.01885953787449,-0.604395304488247,-0.670703001143544,-0.764652614502094
"282","DeKalb",13089021910,-0.691629291133529,-0.165856014836225,-0.0773714316464268,-0.311618912538727
"283","DeKalb",13089021911,-1.32478502796007,-1.79841025249788,-1.35739638451981,-1.49353055499259
"284","DeKalb",13089021912,0.00576666213346474,0.603788963883499,0.714622411655506,0.441392679224156
"285","DeKalb",13089021913,-0.821349444437536,-0.758198752137366,-0.576865953854689,-0.718804716809864
"286","DeKalb",13089022001,-0.468475920109331,0.39374755339473,0.121655179467103,0.0156422709175006
"287","DeKalb",13089022004,-0.920598145964866,-0.504412030310229,-0.781024094857682,-0.735344757044259
"288","DeKalb",13089022005,-0.878333147313297,-1.11817692874267,-0.80661155157133,-0.934373875875766
"289","DeKalb",13089022007,-1.0867545225349,-1.39270905654981,-1.82327021476888,-1.4342445979512
"290","DeKalb",13089022008,-1.05796823352388,-1.93612965407918,-1.4895282323895,-1.49454203999752
"291","DeKalb",13089022009,-0.872586782277814,-1.30603093068199,-0.820132406770521,-0.999583373243442
"292","DeKalb",13089022010,-1.09764379080152,-1.34702631698,-1.03977966030719,-1.16148325602957
"293","DeKalb",13089022100,-0.794499093591096,-0.542814575251019,-0.507551943081662,-0.614955203974592
"294","DeKalb",13089022203,-0.352613655721519,-0.25182893675212,0.250045030409271,-0.118132520688123
"295","DeKalb",13089022204,-0.0909777221132966,-0.569867407220205,-0.175940315771541,-0.278928481701681
"296","DeKalb",13089022301,0.602505848787597,0.561867816194969,0.591345947622863,0.585239870868476
"297","DeKalb",13089022302,0.340367547420979,0.296894469564317,0.322326356895421,0.319862791293572
"298","DeKalb",13089022401,0.276981911475259,0.741724413009876,0.865896487906137,0.628200937463757
"299","DeKalb",13089022402,-0.260262901797443,-0.401124360852392,0.642662213303598,-0.00624168311541246
"300","DeKalb",13089022403,0.623573941238829,1.11866614020683,0.946511226100338,0.896250435848667
"301","DeKalb",13089022500,0.751229227121022,0.466568035893961,0.868138235631937,0.695311832882307
"302","DeKalb",13089022600,1.10778176822738,0.743206608875457,1.06483494301347,0.971941106705434
"303","DeKalb",13089022700,1.16598356959728,0.555150051074344,0.745594965084802,0.822242861918808
"304","DeKalb",13089022800,1.17125977460516,0.674573424709638,0.608335820074726,0.818056339796508
"305","DeKalb",13089022900,-0.0700195657733095,0.247552403494826,0.236380485465688,0.137971107729068
"306","DeKalb",13089023000,0.115395034459879,0.760212717678641,0.254732219721083,0.376779990619868
"307","DeKalb",13089023101,-0.845177867273943,-0.46729456834093,-1.04680190424056,-0.78642477995181
"308","DeKalb",13089023102,-0.768722127468506,-0.367881681499781,-0.408036690923343,-0.514880166630543
"309","DeKalb",13089023107,-1.0943061044403,-1.17737079256296,-0.668452549402621,-0.980043148801958
"310","DeKalb",13089023108,-1.08891651363209,-1.05209489418014,-0.998008513220352,-1.04633997367753
"311","DeKalb",13089023111,-1.37222627304929,-0.14099518896265,-1.0139112087506,-0.842377556920846
"312","DeKalb",13089023112,-1.18455734064244,-1.28851320250457,-1.10556875583507,-1.19287976632736
"313","DeKalb",13089023113,-0.752367758694644,-1.25065096707731,-0.908273154699797,-0.970430626823917
"314","DeKalb",13089023114,-0.925262888578179,-0.329133036920207,-0.925359485508852,-0.726585137002413
"315","DeKalb",13089023115,-1.31029814096844,-1.49972175076127,-1.46021328742007,-1.42341105971659
"316","DeKalb",13089023204,-0.862017377933975,-0.10084570759281,-0.504856710022156,-0.489239931849647
"317","DeKalb",13089023206,-0.793017093323047,-0.393196618381998,-0.613017794627596,-0.599743835444214
"318","DeKalb",13089023208,-0.662949400699776,-0.467933675551105,-0.0520050324567458,-0.394296036235876
"319","DeKalb",13089023209,-0.307164363108598,0.414473893930228,-0.171574966270944,-0.0214218118164382
"320","DeKalb",13089023210,-0.680403957874051,-0.180891551584169,-0.174066003524187,-0.345120504327469
"321","DeKalb",13089023211,-0.841244761352695,0.335315844149917,-0.153470301853226,-0.219799739685335
"322","DeKalb",13089023212,-0.786074587528235,-0.126848831484484,-0.502622327802169,-0.471848582271629
"323","DeKalb",13089023213,-0.978671618200997,-0.655807306215947,-0.333752938099035,-0.656077287505326
"324","DeKalb",13089023214,-0.898933596871567,-0.139328675003875,-0.294993641554778,-0.444418637810073
"325","DeKalb",13089023303,-0.838652272520274,-0.866294768371677,-0.800276913206843,-0.835074651366265
"326","DeKalb",13089023306,-0.371456443992971,0.113088052891541,0.0351835094889475,-0.0743949605374943
"327","DeKalb",13089023309,-0.805328820356138,-0.445760890110164,-0.356696317424325,-0.535928675963542
"328","DeKalb",13089023310,-1.06070945295436,-0.930899308793583,-0.63350913297166,-0.875039298239869
"329","DeKalb",13089023311,-0.208149591924181,0.326891966444066,0.195102249892934,0.104614874804273
"330","DeKalb",13089023312,-0.513115134573076,-0.0870405068450292,0.178405154822379,-0.140583495531909
"331","DeKalb",13089023313,-0.81611270790605,-0.364085628168636,-0.741164000117999,-0.640454112064228
"332","DeKalb",13089023314,-0.677603648254125,-0.143931266949575,-0.138407312971594,-0.319980742725098
"333","DeKalb",13089023315,-0.328282412228059,0.281339010337515,0.304801385249113,0.0859526611195232
"334","DeKalb",13089023316,-0.121778720308187,0.426021254415177,-0.0795709113847379,0.0748905409074175
"335","DeKalb",13089023410,-1.32946472054433,-1.20615744388244,-1.255284801282,-1.26363565523626
"336","DeKalb",13089023411,-1.38533387984637,-0.129734616944533,-0.861943288953749,-0.792337261914884
"337","DeKalb",13089023412,-0.875375465059388,-0.0798025234641479,-0.475289359499834,-0.476822449341123
"338","DeKalb",13089023413,-0.21160081966022,-0.00820835334846517,0.388515351303765,0.0562353927650266
"339","DeKalb",13089023414,-0.90286423031757,-0.223642322949239,0.253933950579528,-0.290857534229094
"340","DeKalb",13089023416,-0.588142065213401,0.153635656148041,0.310817347762308,-0.0412296871010173
"341","DeKalb",13089023418,-0.753291809277507,0.0158307369324799,0.142776845017406,-0.198228075775874
"342","DeKalb",13089023419,-0.55006751331471,0.362022662645887,0.267307492972456,0.0264208807678776
"343","DeKalb",13089023421,-1.08276058336197,-0.371663675763381,-0.361292982188356,-0.605239080437903
"344","DeKalb",13089023422,-0.723697160128439,0.152266972457983,0.230139809294474,-0.113763459458661
"345","DeKalb",13089023423,-0.890006818849013,-0.350917425308654,-0.384553311571888,-0.541825851909852
"346","DeKalb",13089023424,-0.765054822986457,-0.079332870815162,-0.624500798433013,-0.489629497411544
"347","DeKalb",13089023425,-0.303755774415637,0.656160657183896,0.142268639180387,0.164891173982882
"348","DeKalb",13089023426,-0.568597229872659,0.216861161296145,0.198879066062114,-0.0509523341714666
"349","DeKalb",13089023427,-0.767922322509403,0.0228537664995641,0.037856815567388,-0.23573724681415
"350","DeKalb",13089023428,-0.887301934124545,-0.923509079637894,-0.602202585626239,-0.804337866462893
"351","DeKalb",13089023501,-1.109742478551,-1.08357878825696,-1.12303014747866,-1.10545047142888
"352","DeKalb",13089023504,-1.535221628408,-1.81511448734404,-1.38906427782002,-1.57980013119069
"353","DeKalb",13089023505,-0.797295365678293,-0.609692377365028,-0.873105951480422,-0.760031231507915
"354","DeKalb",13089023506,-0.889819391886952,-0.207137379171855,-0.23078072971653,-0.442579166925113
"355","DeKalb",13089023507,-1.41879591532406,-0.475424237096297,-0.563172403674277,-0.819130852031546
"356","DeKalb",13089023601,-0.924924697570412,0.227344462093828,-0.254796827197113,-0.317459020891233
"357","DeKalb",13089023602,-0.778513327259425,-0.47584198770848,-1.09932751362145,-0.78456094286312
"358","DeKalb",13089023603,-0.987207459968585,-0.564320836913337,-0.819986205310501,-0.790504834064141
"359","DeKalb",13089023700,-1.54995144728623,-0.708738875046786,-0.894123530957337,-1.05093795109678
"360","DeKalb",13089023801,-1.28461955335477,0.157787511255133,-0.530073416922614,-0.552301819674082
"361","DeKalb",13089023802,-1.47338621515402,-0.810929047514179,-0.832719336112724,-1.03901153292697
"362","DeKalb",13089023803,-1.04362834932406,-0.4919067933792,-0.816397634944838,-0.783977592549367
"363","Douglas",13097080102,-0.534188798027161,-0.152014614674619,-0.0596383945125408,-0.248613935738107
"364","Douglas",13097080103,-0.570943674357787,-0.655331681610603,-0.928246934415179,-0.718174096794523
"365","Douglas",13097080201,-0.387159137997719,-0.384131230707786,-0.744546323811557,-0.505278897505687
"366","Douglas",13097080202,-0.390631881888426,-0.198892830495492,-0.680224737815801,-0.423249816733239
"367","Douglas",13097080301,-0.402234330491811,-0.631362058163614,-0.36951511377204,-0.467703834142488
"368","Douglas",13097080303,-0.298377690620903,-0.414954107195403,-0.476597581258869,-0.396643126358391
"369","Douglas",13097080304,-0.0387470510265789,-0.090343307305113,-0.00855210809072396,-0.0458808221408053
"370","Douglas",13097080402,0.90141580610236,0.878876195123921,0.36053458121036,0.713608860812214
"371","Douglas",13097080403,0.547967129247275,0.680655071201078,0.225152757416249,0.484591652621534
"372","Douglas",13097080404,0.149703906420072,0.409335837865324,-0.306641536769092,0.084132735838768
"373","Douglas",13097080505,0.187516548404604,-0.145276178086423,-0.320140466515574,-0.0926333653991313
"374","Douglas",13097080506,0.397065324277463,0.0227897196894535,-0.00186387761198002,0.139330388784979
"375","Douglas",13097080507,0.412377183114538,0.306858572146788,0.0738060233170352,0.26434725952612
"376","Douglas",13097080508,-0.0325592125978342,0.336708202879116,0.499257063238063,0.267802017839782
"377","Douglas",13097080509,0.419487358413847,0.801673936692971,0.6482342653666,0.62313185349114
"378","Douglas",13097080510,-0.0334527058974367,0.0326748369804426,-0.1786324492157,-0.0598034393775647
"379","Douglas",13097080511,0.602334504442079,0.517475547920576,0.553085936242526,0.557631996201727
"380","Douglas",13097080602,-0.369638773354687,0.146585135195443,-0.0544401788942623,-0.0924979390178353
"381","Douglas",13097080603,-0.302421409775748,0.310890788104121,0.281905061200909,0.0967914798430943
"382","Douglas",13097080604,-0.267939426881422,0.213664912330123,0.0603149546355059,0.00201348002806889
"383","Fayette",13113140101,0.464751659948576,0.410623277307392,0.776783433415475,0.550719456890481
"384","Fayette",13113140102,0.217537469076105,1.02034537239906,0.302883012312893,0.513588617929352
"385","Fayette",13113140203,0.821190545848486,0.660304270029621,0.568696963690314,0.683397259856141
"386","Fayette",13113140204,0.527685960737001,0.109684281943874,0.329386614140672,0.322252285607182
"387","Fayette",13113140206,1.09995858257735,0.927303147927985,1.09063406571277,1.03929859873937
"388","Fayette",13113140207,1.46628654933496,1.21479512611256,1.23327795551639,1.30478654365464
"389","Fayette",13113140208,1.10259111614543,0.538783587440033,0.726887471470578,0.78942072501868
"390","Fayette",13113140303,1.25277350454957,0.504832394127489,1.04533050905442,0.934312135910491
"391","Fayette",13113140304,1.1333186004436,0.431196981118203,0.835965124628857,0.800160235396886
"392","Fayette",13113140305,0.467532995178085,0.793798771744655,0.401222104036937,0.554184623653226
"393","Fayette",13113140306,1.17789042371582,0.702373745633378,1.11270639787663,0.997656855741942
"394","Fayette",13113140307,1.38798545937113,1.07844628263015,1.31969368048578,1.26204180749569
"395","Fayette",13113140403,0.687899182275686,0.864910764836667,0.323012184468116,0.625274043860157
"396","Fayette",13113140404,0.81969227195213,0.853277389526463,0.486137624814339,0.719702428764311
"397","Fayette",13113140405,0.881808020564284,0.79592063213667,0.904286589068647,0.860671747256534
"398","Fayette",13113140406,0.301943520849901,0.140662939358966,0.367849542848273,0.270152001019047
"399","Fayette",13113140407,0.522289264190485,0.548543875524662,0.482872221308785,0.517901787007977
"400","Fayette",13113140408,0.988300878894734,1.14761749398551,0.673792010001216,0.936570127627153
"401","Fayette",13113140501,1.16692393460908,0.835520113204315,0.997160575786742,0.999868207866711
"402","Fayette",13113140502,1.23963098038085,0.700820249421423,1.02210769687667,0.987519642226316
"403","Fulton",13121000100,0.735716806458223,1.20458581242427,0.901727380963598,0.947343333282032
"404","Fulton",13121000200,0.765455108752212,1.04906873774346,0.984093265352466,0.932872370616047
"405","Fulton",13121000400,0.803084496656805,1.02054193728109,1.14473757314467,0.989454669027521
"406","Fulton",13121000500,0.962720965789544,0.848343701969909,0.816615193252015,0.875893287003823
"407","Fulton",13121000600,0.303825690853476,0.327377074567829,0.371268607514218,0.334157124311841
"408","Fulton",13121000700,0.192303875896841,0.469984905845827,-0.811371454313701,-0.0496942241903444
"409","Fulton",13121001001,0.490209160991893,0.600788771429858,0.896081498941905,0.662359810454552
"410","Fulton",13121001002,-0.220940439393875,-0.253872585588139,0.155975135445044,-0.106279296512323
"411","Fulton",13121001100,0.850207265020012,1.24773187565337,0.962312108275673,1.02008374964968
"412","Fulton",13121001201,0.516327028168422,0.665490727561524,0.58799062261341,0.589936126114452
"413","Fulton",13121001202,0.766500893621062,0.78027917860419,1.01396087434813,0.853580315524459
"414","Fulton",13121001300,0.549185680154362,0.145152208773535,0.49759716314125,0.397311684023049
"415","Fulton",13121001400,0.752679645406902,0.848578557459152,0.831459355263852,0.810905852709969
"416","Fulton",13121001500,0.384876254614455,0.625390257362598,0.725367296176286,0.57854460271778
"417","Fulton",13121001600,0.78105982629388,0.843542978604152,0.740386000350835,0.788329601749622
"418","Fulton",13121001700,-0.119689021829641,-0.987891125551279,0.103028360983859,-0.334850595465687
"419","Fulton",13121001800,-0.233115952800976,-0.348028524175274,0.39524902057652,-0.0619651521332434
"420","Fulton",13121001900,0.417662333508571,0.643422263543838,0.0308178140168666,0.363967470356425
"421","Fulton",13121002100,-0.0594743168721453,-0.798978029530097,-0.161562063390701,-0.340004803264314
"422","Fulton",13121002300,-1.29029708779138,-2.68436833251227,-1.564332164145,-1.84633252814955
"423","Fulton",13121002400,-0.805373193399861,-0.952757659231999,-0.682982264238197,-0.813704372290019
"424","Fulton",13121002500,-1.20167449741382,-1.52049917252519,-0.958726750787288,-1.22696680690877
"425","Fulton",13121002600,-1.02606838679766,-1.80492603359492,-0.686379975065811,-1.17245813181947
"426","Fulton",13121002800,-0.958226318827063,-0.398887594500687,0.232394290429839,-0.374906540965971
"427","Fulton",13121002900,0.383047359138444,0.730253761748497,0.674234369623255,0.595845163503399
"428","Fulton",13121003000,0.437095959659716,0.890154087383433,0.971112278273629,0.766120775105593
"429","Fulton",13121003100,-0.752592071577051,-0.131040075602197,-0.569340035040648,-0.484324060739965
"430","Fulton",13121003200,-0.335044800363981,0.357538127383267,0.0640108210274623,0.0288347160155828
"431","Fulton",13121003500,0.266099819346101,0.382814998331238,-0.832308482117609,-0.0611312214800901
"432","Fulton",13121003600,-0.713325809272133,-0.473801063226719,0.419612631439434,-0.255838080353139
"433","Fulton",13121003800,-0.208234496216859,-0.120902668066658,-0.0765194192726869,-0.135218861185401
"434","Fulton",13121003900,-0.868862449138691,-1.59033642288096,-1.18470140590954,-1.2146334259764
"435","Fulton",13121004000,-1.19856357157676,-1.18685579885598,-0.908249740058059,-1.09788970349694
"436","Fulton",13121004100,-0.563173322290604,-1.5351374205127,-1.36416515064476,-1.15415863114935
"437","Fulton",13121004200,-0.623555272895345,-0.768364548546801,-0.189969296420418,-0.527296372620855
"438","Fulton",13121004300,-0.690414163653691,-1.64230081542694,0.379593675672754,-0.651040434469291
"439","Fulton",13121004400,-0.926658933372848,-1.0031756304938,-0.769788101678217,-0.899874221848288
"440","Fulton",13121004800,-0.261715926334388,-1.63643591824162,-0.812733113730835,-0.903628319435614
"441","Fulton",13121004900,-0.661863963636169,0.393345982520971,-0.681535960602107,-0.316684647239102
"442","Fulton",13121005000,-0.12385279896266,0.247708781748819,-0.641404445190932,-0.172516154134924
"443","Fulton",13121005200,-0.479107079363632,0.495742728255163,-0.129113039563924,-0.0374924635574644
"444","Fulton",13121005300,-0.374729316581767,0.582614253568522,-0.113635980393547,0.0314163188644031
"445","Fulton",13121005501,-0.755092423178222,-0.931630333800759,-1.65925719380709,-1.11532665026203
"446","Fulton",13121005502,-0.505395110168556,-1.38174891258674,-0.515877769186914,-0.801007263980737
"447","Fulton",13121005700,-1.22181580428503,-1.44620381085262,-1.06274882262506,-1.24358947925424
"448","Fulton",13121005800,-0.923345956192567,-1.86175792559746,-1.15867865241222,-1.31459417806741
"449","Fulton",13121006000,-0.968910452896932,-1.37052833363182,-0.884775531200578,-1.07473810590978
"450","Fulton",13121006100,-1.06010403654281,-1.29529939730188,-0.570672239391798,-0.975358557745494
"451","Fulton",13121006200,-0.784727383975875,-2.1026964176277,-1.46387105344664,-1.45043161835007
"452","Fulton",13121006300,-0.932203061480934,-1.8803604687497,-1.02015122144789,-1.27757158389284
"453","Fulton",13121006400,-1.20243042315463,-1.57405380711342,-1.5805479230961,-1.45234405112138
"454","Fulton",13121006500,-0.599190043447348,-0.543505486983928,-0.918607160394796,-0.687100896942024
"455","Fulton",13121006601,-0.367614522628016,-0.881450277583148,-0.720719749521425,-0.656594849910863
"456","Fulton",13121006602,-0.96515774176131,-2.38372856382471,-1.37325994862272,-1.57404875140291
"457","Fulton",13121006700,-0.735896686339489,-1.20100356408988,-0.500762871320753,-0.812554373916708
"458","Fulton",13121006801,-0.777163874623555,-1.38102652732108,-0.847274661251823,-1.00182168773215
"459","Fulton",13121006802,-1.14018102550298,-2.11357563614748,-1.65533854882507,-1.63636507015851
"460","Fulton",13121006900,-0.997032817646061,-0.685142181829013,-1.33344014600586,-1.00520504849365
"461","Fulton",13121007001,-0.891832076780971,-1.0454160499576,-0.834118488475332,-0.923788871737968
"462","Fulton",13121007002,-0.624593850223035,-2.17557816302299,-1.66430378443344,-1.48815859922649
"463","Fulton",13121007100,-1.13672948502321,-1.67005112289586,-0.78573296709549,-1.19750452500485
"464","Fulton",13121007200,-1.00135064942297,-1.80933586419317,-0.775816137170604,-1.19550088359558
"465","Fulton",13121007300,-0.931165908880744,-1.49765728821631,-1.49096636099739,-1.30659651936481
"466","Fulton",13121007400,-0.885003140920593,-1.95850753866803,-2.22363655709339,-1.689049078894
"467","Fulton",13121007500,-0.83481690429087,-1.46000388501236,-0.819112512097949,-1.03797776713373
"468","Fulton",13121007602,-1.1496975795398,-1.00423913914216,-0.638901629790987,-0.930946116157648
"469","Fulton",13121007603,-1.15544698623014,-1.95506728711283,-1.1272029436474,-1.41257240566346
"470","Fulton",13121007604,-1.71842001256999,-2.03283215638623,-0.548352068579168,-1.4332014125118
"471","Fulton",13121007703,-1.20416909189795,-0.617048246584064,-0.478596419790848,-0.766604586090956
"472","Fulton",13121007704,-0.609792460558543,-0.925849698841577,-0.718080627594114,-0.751240928998078
"473","Fulton",13121007705,-1.2140699259396,-1.01593686604678,-0.774556481708934,-1.00152109123177
"474","Fulton",13121007706,-0.519444177727826,-0.409382867740543,-0.0273186496313244,-0.318715231699898
"475","Fulton",13121007802,-0.571891217091624,-0.235278531845466,-0.309844196158697,-0.372337981698596
"476","Fulton",13121007805,-0.725046348133436,-1.14114500461964,-0.0365631654190343,-0.634251506057371
"477","Fulton",13121007806,-1.09117431751593,-1.10374799009392,-0.94549534825113,-1.04680588528699
"478","Fulton",13121007807,-1.61730935935793,-1.20730557005522,-1.414855424604,-1.41315678467238
"479","Fulton",13121007808,-1.28359506177573,-2.04810136683661,-1.73672815259721,-1.68947486040318
"480","Fulton",13121007900,-0.641490123508326,0.375992300229392,-0.285271478178776,-0.18358976715257
"481","Fulton",13121008000,-0.834651231758088,-0.567899718245737,-0.38843592366302,-0.596995624555615
"482","Fulton",13121008101,-1.45356106214018,-0.490139630898108,-0.966863428232776,-0.970188040423687
"483","Fulton",13121008102,-1.19332371894267,-1.67446444787521,-1.07298262446489,-1.31359026376092
"484","Fulton",13121008201,-1.46893769332873,-0.721781501739758,-0.964373382727518,-1.051697525932
"485","Fulton",13121008202,-1.18938886990889,-1.63436338550957,-1.56550669086932,-1.46308631542926
"486","Fulton",13121008301,-1.67888776681419,-1.73269225645661,-1.40045796133751,-1.6040126615361
"487","Fulton",13121008302,-1.64149160400547,-0.891429738126327,-1.54627584051475,-1.35973239421552
"488","Fulton",13121008400,-1.5697855589131,-1.42858735979562,-1.81217494717065,-1.60351595529312
"489","Fulton",13121008500,-1.32520063390363,-1.75194295950961,-1.90346373304982,-1.66020244215435
"490","Fulton",13121008601,-1.52641728984768,-2.03634889296066,-1.40236902899164,-1.65504507059999
"491","Fulton",13121008602,-1.68802929871417,-0.917654488461197,-1.0848054931283,-1.23016309343455
"492","Fulton",13121008700,-1.81204792817159,-1.29415857050808,-1.21154225852723,-1.43924958573563
"493","Fulton",13121008800,0.467027905404324,0.728305477048355,0.276044806185545,0.490459396212742
"494","Fulton",13121008902,0.708813009398365,0.601718452835825,0.301078249538849,0.53720323725768
"495","Fulton",13121008903,-0.0283566618573933,-1.04979176776739,0.177704507447157,-0.30014797405921
"496","Fulton",13121008904,0.672295138764127,0.497701525521683,0.664559066312644,0.611518576866151
"497","Fulton",13121009000,0.784410017683751,0.95070932747287,0.907589013864622,0.880902786340415
"498","Fulton",13121009101,0.343454719191262,0.722183873618573,0.815793741134118,0.627144111314651
"499","Fulton",13121009102,0.446495113586308,0.922551079555027,0.466273566124066,0.611773253088467
"500","Fulton",13121009200,0.33415330962771,-0.0108209436422831,0.318028896234754,0.213787087406727
"501","Fulton",13121009300,0.261451780230394,0.937023308206436,0.9680821638413,0.722185750759377
"502","Fulton",13121009402,0.239100572466111,-0.611916082142404,0.0503177681279612,-0.107499247182777
"503","Fulton",13121009403,0.0948205436694148,0.296677234097008,0.202550524481992,0.198016100749472
"504","Fulton",13121009404,0.836458674396984,1.08826113196216,0.857300893467884,0.927340233275676
"505","Fulton",13121009501,0.481628215612219,0.901731155651351,0.867828362562492,0.750395911275354
"506","Fulton",13121009502,0.465933014336888,0.810057310174677,0.556470089749614,0.61082013808706
"507","Fulton",13121009601,-0.465795840065034,0.234985860886014,0.629163164807657,0.132784395209546
"508","Fulton",13121009602,0.363764263959281,0.644507182868989,0.894843369969303,0.634371605599191
"509","Fulton",13121009603,0.428091109518046,0.175931736102481,0.544722363228066,0.382915069616197
"510","Fulton",13121009700,0.631127349620646,1.16627292436914,0.922703405692623,0.906701226560804
"511","Fulton",13121009801,0.756061156361992,0.974602187789554,0.980881817248948,0.903848387133498
"512","Fulton",13121009802,0.794370713016395,1.0780093821846,0.729972086861143,0.867450727354046
"513","Fulton",13121009900,0.762688478685741,1.09355289628007,0.601442294967215,0.819227889977675
"514","Fulton",13121010001,0.692549333289595,0.925133678960986,0.798838778449496,0.805507263566692
"515","Fulton",13121010002,0.727159932503497,1.18531022514502,1.19056194835928,1.03434403533593
"516","Fulton",13121010106,-0.024794985774832,0.635438434506202,0.709162515852179,0.43993532152785
"517","Fulton",13121010107,0.310754765002807,0.971486007572843,1.05774078570711,0.779993852760921
"518","Fulton",13121010108,0.39723155910106,1.12972606732873,1.07487628931699,0.867277971915594
"519","Fulton",13121010110,0.292081694979782,0.784010515159066,0.927889336555681,0.667993848898176
"520","Fulton",13121010113,-0.49767489691621,-0.362400997480196,0.297002349603078,-0.187691181597776
"521","Fulton",13121010114,0.205632605357932,0.30848563362638,0.517304844219488,0.343807694401267
"522","Fulton",13121010115,0.359233187224647,1.0658141613212,1.2921389318806,0.905728760142149
"523","Fulton",13121010117,0.295350684981833,0.105443383397365,0.657565713174098,0.352786593851099
"524","Fulton",13121010118,0.0790129502357445,-1.11051530312636,-0.0543417948638849,-0.361948049251501
"525","Fulton",13121010119,-0.116369152506643,-1.11197500801864,-0.0285368600008194,-0.418960340175367
"526","Fulton",13121010120,0.0507644151142827,0.443808083469544,0.0078392496249923,0.167470582736273
"527","Fulton",13121010121,0.38356986645405,1.19012743589354,0.828056742797785,0.800584681715126
"528","Fulton",13121010122,0.204912859931736,1.13440310692831,0.863888358933677,0.734401441931243
"529","Fulton",13121010123,0.202027916002802,-0.0607129465454046,0.351486777816011,0.164267249091136
"530","Fulton",13121010204,0.575433778094478,1.24063244504306,1.0699300119517,0.961998745029747
"531","Fulton",13121010205,0.630597413344517,0.972063635836028,1.09010649648247,0.897589181887673
"532","Fulton",13121010206,0.353907019272035,0.93388973588077,1.33644954657227,0.874748767241692
"533","Fulton",13121010208,0.011095034425701,0.324709065159099,0.275097898551708,0.203633999378836
"534","Fulton",13121010209,0.216313245381569,0.722058184008844,0.358778332750849,0.432383254047087
"535","Fulton",13121010210,0.388384497349808,0.723687613307514,0.910461256174971,0.674177788944098
"536","Fulton",13121010211,0.653410843010251,0.0908828558536896,0.354979005550114,0.366424234804685
"537","Fulton",13121010212,0.138418336291003,-0.390533982709505,-0.233079032615052,-0.161731559677851
"538","Fulton",13121010301,-0.274730036761606,0.137098364242312,0.213604174753855,0.0253241674115203
"539","Fulton",13121010303,-0.231989559954243,-0.00510459680895889,0.490016695841277,0.0843075130260251
"540","Fulton",13121010304,-0.122529660598945,0.473657026565394,0.720798850236218,0.357308738734222
"541","Fulton",13121010400,-0.367017132798986,-0.16399488870432,-0.27836902983174,-0.269793683778349
"542","Fulton",13121010507,-1.53693090202914,-1.33393939241352,-0.799472004012776,-1.22344743281848
"543","Fulton",13121010508,-1.25965895134108,-0.0666400739417797,-0.708612233020474,-0.678303752767778
"544","Fulton",13121010510,-1.0067155205015,-0.230783790286989,-0.127152952729234,-0.454884087839243
"545","Fulton",13121010511,-0.648317140855031,-0.268706969093128,0.228665499945392,-0.229452870000923
"546","Fulton",13121010512,-0.815591404211864,-1.11277451709942,-0.45629284470079,-0.794886255337359
"547","Fulton",13121010513,-0.525716387016863,-0.772394643833256,-0.20918051673424,-0.502430515861453
"548","Fulton",13121010514,-0.418280778991067,-0.145142934287561,-0.0877369291357356,-0.217053547471454
"549","Fulton",13121010515,-0.883378555032576,0.0355017656869817,-0.715641612074384,-0.521172800473326
"550","Fulton",13121010516,-0.795983553537506,-0.299463470829515,-0.278943917414278,-0.4581303139271
"551","Fulton",13121010601,-1.29761565055701,-0.809765724363326,-0.959017288847758,-1.0221328879227
"552","Fulton",13121010603,-1.43533523106113,-1.34706181482718,-1.02227550585281,-1.26822418391371
"553","Fulton",13121010604,-1.14890047773662,-1.24441427276974,-0.77487776208147,-1.05606417086261
"554","Fulton",13121010800,-1.10340774875617,-1.152649676741,-0.901414865276156,-1.05249076359111
"555","Fulton",13121011000,-1.24770788259293,-2.1310106722621,-1.85047369174785,-1.74306408220096
"556","Fulton",13121011100,-0.557935290522211,-0.284765619127854,-0.228833474035643,-0.357178127895236
"557","Fulton",13121011201,-0.997660261519913,-0.72194755943391,-1.05551797193839,-0.925041930964071
"558","Fulton",13121011202,-1.03766978445918,-1.12072412121315,-1.15654303665047,-1.10497898077427
"559","Fulton",13121011301,-1.15016767456746,-0.446622239164611,-0.811514012112084,-0.802767975281386
"560","Fulton",13121011303,-1.06774408538827,-0.870532960269291,-0.428758890911806,-0.789011978856457
"561","Fulton",13121011305,-0.699349293940042,-1.22932603490428,-0.373824868957174,-0.767500065933833
"562","Fulton",13121011306,-1.05270413604412,-1.03088693990198,-0.163296495790222,-0.748962523912108
"563","Fulton",13121011405,0.182381894509436,-0.0819706935379854,0.028790823186959,0.0430673413861365
"564","Fulton",13121011410,0.612906946202939,0.919206551564611,0.749759457237449,0.760624318335
"565","Fulton",13121011411,0.61368022405647,0.650869165313594,0.880002053825708,0.714850481065258
"566","Fulton",13121011412,0.74449338026962,0.544814444092948,0.606018152091759,0.631775325484776
"567","Fulton",13121011414,0.741764103990093,0.336661393384844,0.694161781666858,0.590862426347265
"568","Fulton",13121011416,1.11894709759399,1.01875902720663,1.33418018066545,1.15729543515536
"569","Fulton",13121011417,1.01766447724917,1.06651418223316,1.19043931964303,1.09153932637512
"570","Fulton",13121011418,1.17773052981706,1.15589433591172,0.949291278045351,1.09430538125804
"571","Fulton",13121011419,1.22079715784558,0.889794874799504,0.607391185941396,0.905994406195495
"572","Fulton",13121011420,-0.065237777885601,-2.10758618102597,-1.11580284134305,-1.09620893341821
"573","Fulton",13121011421,0.452788991562971,-0.778047937965321,-0.0854446028872392,-0.13690118309653
"574","Fulton",13121011422,1.04870693423469,0.856473638492485,0.862717235875381,0.92263260286752
"575","Fulton",13121011423,1.02970521000254,1.12261213094022,1.17509451291432,1.10913728461903
"576","Fulton",13121011424,0.878431984819514,1.29721435896955,0.965355061281435,1.04700046835683
"577","Fulton",13121011425,1.54542436935907,1.12741979250225,1.28980211214364,1.32088209133499
"578","Fulton",13121011426,1.60960952324371,0.860025775400022,0.972932210670915,1.14752250310488
"579","Fulton",13121011427,1.1558693267503,1.32352119424115,1.09346951111253,1.19095334403466
"580","Fulton",13121011503,1.21012782468456,1.24002741971424,1.34917510451492,1.26644344963791
"581","Fulton",13121011504,1.21178827293031,1.16882787710412,1.28261474996394,1.22107696666612
"582","Fulton",13121011505,1.10050386389888,1.34120489663904,1.19716512544989,1.21295796199594
"583","Fulton",13121011506,1.01855895543336,1.31685872141205,1.16059295870031,1.16533687851524
"584","Fulton",13121011610,1.29801563839829,0.558124684945672,1.184569163721,1.01356982902165
"585","Fulton",13121011611,0.732864076743182,0.290375216783173,0.801417358051972,0.608218883859442
"586","Fulton",13121011612,1.54790671756418,1.3510814213987,1.08635828950646,1.32844880948978
"587","Fulton",13121011613,1.0395814745172,0.731378368111006,0.606989614693651,0.792649819107286
"588","Fulton",13121011614,0.771319067025742,0.9566286261882,1.07787021127423,0.935272634829389
"589","Fulton",13121011615,1.2645764065598,1.2763206286377,1.20831251579939,1.24973651699896
"590","Fulton",13121011616,0.955437194530361,0.277686529691973,1.05811671451451,0.763746812912283
"591","Fulton",13121011617,1.29658486249732,1.03335234076453,1.0595295926077,1.12982226528985
"592","Fulton",13121011618,1.04480398512751,1.28219293424569,0.889323371652819,1.07210676367534
"593","Fulton",13121011619,1.39427871063613,1.2802595303908,0.805993927230823,1.16017738941925
"594","Fulton",13121011620,1.3636682493654,0.72490412603983,1.00888644095193,1.03248627211905
"595","Fulton",13121011621,1.50449843262849,1.18944458867425,1.31967870209528,1.33787390779934
"596","Fulton",13121011622,1.4699927701452,0.944221019051348,1.01220933573954,1.14214104164536
"597","Fulton",13121011623,1.29427658163312,0.807102144046239,0.983874188048268,1.02841763790921
"598","Fulton",13121011624,1.32057554600613,1.34761901827106,1.16042750403224,1.27620735610315
"599","Fulton",13121011625,1.33529178091874,0.981151830484057,0.984363908835235,1.10026917341268
"600","Fulton",13121011626,1.21954536393154,0.751414648035678,0.666462213117065,0.879140741694762
"601","Fulton",13121011800,-0.77574090199822,-1.67846441321827,-0.651006272094492,-1.03507052910366
"602","Fulton",13121011900,0.0373352339540217,-0.492546538687455,-0.163665692044551,-0.206292332259328
"603","Fulton",13121012000,-1.21688084797265,-2.10413140463629,-2.1134704591055,-1.81149423723815
"604","Fulton",13121012300,-0.933522651834478,-0.34814814062803,-0.239690626853025,-0.507120473105178
"605","Gwinnett",13135050103,0.615665174239552,-0.332770711537553,-0.035672807583005,0.0824072183729981
"606","Gwinnett",13135050105,0.610574509702845,-1.0286399455193,-0.730999862738602,-0.383021766185018
"607","Gwinnett",13135050106,0.851196297453717,-0.159814243318552,-0.104247095984642,0.195711652716841
"608","Gwinnett",13135050107,0.686203606943055,0.76775635635643,0.262053282600715,0.572004415300067
"609","Gwinnett",13135050108,1.27367426085255,0.747672519898145,0.770933694683661,0.930760158478117
"610","Gwinnett",13135050109,0.968103577396719,0.628837118972232,0.512370465389,0.703103720585984
"611","Gwinnett",13135050205,0.431763631063366,-0.0685243979973794,0.372066552786536,0.245101928617508
"612","Gwinnett",13135050208,0.726400555148765,0.547111489686763,0.455678254376993,0.576396766404174
"613","Gwinnett",13135050209,0.119227754113891,-0.187838245766157,-0.292787533797404,-0.120466008483223
"614","Gwinnett",13135050210,0.909784991575336,0.602221568826682,0.673291618404423,0.728432726268814
"615","Gwinnett",13135050211,-0.162828030669266,-1.62528771523623,-0.544178665274443,-0.777431470393312
"616","Gwinnett",13135050212,1.48031267298375,0.972229055432101,1.0780496125057,1.17686378030718
"617","Gwinnett",13135050213,1.09410932839631,0.845058872359817,0.656062351737389,0.865076850831173
"618","Gwinnett",13135050214,0.505575266395383,0.636818910231676,0.5682555490716,0.570216575232886
"619","Gwinnett",13135050215,0.216287677738105,-0.190064559678359,0.339839650839756,0.1220209229665
"620","Gwinnett",13135050216,1.04763713391378,0.857796627901797,0.782077707335238,0.895837156383603
"621","Gwinnett",13135050217,0.708863196139831,0.590251232733843,0.728986955580061,0.676033794817911
"622","Gwinnett",13135050218,0.544191754887534,-0.024470426931154,-0.0652069154384463,0.151504804172645
"623","Gwinnett",13135050219,0.347526170406497,1.0182648266604,0.483058482689754,0.616283159918884
"624","Gwinnett",13135050220,-0.0154618460860283,-0.178682877286186,0.503145652607067,0.103000309744951
"625","Gwinnett",13135050304,-0.334847570297962,-1.33511677463191,-0.699483531149889,-0.789815958693255
"626","Gwinnett",13135050306,-0.520726862779656,-1.63801584345811,-1.46745436113978,-1.20873235579251
"627","Gwinnett",13135050308,0.568977878704669,1.31703480725142,0.67699638405175,0.854336356669279
"628","Gwinnett",13135050309,0.517664113424052,0.65673249304806,0.610074519237295,0.594823708569802
"629","Gwinnett",13135050310,0.119328497540771,0.725868957202617,0.612876049455032,0.486024501399473
"630","Gwinnett",13135050311,0.166632023738628,1.01191884478682,0.692188690491525,0.623579853005658
"631","Gwinnett",13135050313,0.0462477171322056,-0.355324864497216,-0.354421904289532,-0.221166350551514
"632","Gwinnett",13135050314,-0.118657043931668,-0.235471431478551,-0.195703283449491,-0.183277252953237
"633","Gwinnett",13135050315,-0.0727305749837092,-0.261196279009964,-0.283079191846154,-0.205668681946609
"634","Gwinnett",13135050317,-0.307609494321188,-0.224716797688813,-0.704238900426982,-0.412188397478994
"635","Gwinnett",13135050318,-0.46708665206834,-0.644353593248998,-0.285180327612284,-0.465540190976541
"636","Gwinnett",13135050319,-0.467606386519539,-1.30102061222654,-0.986998555863175,-0.918541851536416
"637","Gwinnett",13135050320,-0.700435788963125,-1.93112438539371,-1.47053272469941,-1.36736429968541
"638","Gwinnett",13135050321,0.694884773177453,0.795836411617172,0.768151150150478,0.752957444981701
"639","Gwinnett",13135050322,0.568283938534264,1.36860596093687,0.838550570682325,0.925146823384485
"640","Gwinnett",13135050410,-0.474997179471334,-0.86520728079347,-1.20454994802476,-0.848251469429853
"641","Gwinnett",13135050415,0.26373822439341,0.936477443566836,0.458747106072222,0.552987591344156
"642","Gwinnett",13135050416,0.132764988670382,-0.277612437844633,-0.106319757602254,-0.0837224022588348
"643","Gwinnett",13135050417,-0.862389849003383,-2.59399896573885,-1.75448874845504,-1.73695918773243
"644","Gwinnett",13135050418,-0.655653072336403,-1.71798198924284,-1.8156979477066,-1.39644433642861
"645","Gwinnett",13135050419,-0.711980281175397,-1.45984210943153,-1.74234680823954,-1.30472306628215
"646","Gwinnett",13135050421,-0.472439661109078,-1.30435203063416,-1.19910005894774,-0.991963916896993
"647","Gwinnett",13135050422,-0.910121834669984,-1.86774388705034,-1.67150625231762,-1.48312399134598
"648","Gwinnett",13135050423,-0.638709544381741,-1.25279611155859,-0.810723921029376,-0.900743192323234
"649","Gwinnett",13135050424,-0.954405590027444,-0.904736668277582,-1.25386493257974,-1.03766906362826
"650","Gwinnett",13135050425,1.2035947972136,0.73744969486387,0.68503037529801,0.875358289125161
"651","Gwinnett",13135050426,1.03108029326616,0.717960817376377,0.64569912381929,0.79824674482061
"652","Gwinnett",13135050427,0.638489030362416,0.269249414696292,0.342488728958837,0.416742391339182
"653","Gwinnett",13135050428,1.03023924125604,0.723130738667548,0.685780229477696,0.813050069800429
"654","Gwinnett",13135050429,1.19394203335762,0.874532877562536,0.778758798091316,0.949077903003824
"655","Gwinnett",13135050430,0.903851144447391,0.158002648748567,0.471769874282659,0.511207889159539
"656","Gwinnett",13135050431,0.341885001726485,-0.601007202118053,-0.485441804850865,-0.248188001747478
"657","Gwinnett",13135050432,-0.296746949273127,-0.335178602087249,-0.310701720634391,-0.314209090664922
"658","Gwinnett",13135050433,-0.404010520982108,-1.33996812839555,-0.746315338370521,-0.83009799591606
"659","Gwinnett",13135050434,-1.0364336001297,-1.67986549715673,-1.82950486485746,-1.5152679873813
"660","Gwinnett",13135050435,-0.123273507735812,-0.578811454553116,-0.823376546559938,-0.508487169616289
"661","Gwinnett",13135050436,0.0921094918702612,-0.463619872532042,-0.720151393608004,-0.363887258089928
"662","Gwinnett",13135050511,0.304812549261848,-0.329102970445372,0.0902279401567369,0.0219791729910709
"663","Gwinnett",13135050520,-0.307527676567373,-1.08397186972116,-0.482104192587365,-0.624534579625298
"664","Gwinnett",13135050521,-0.0739001375111032,-0.636981544291538,-0.0115819512897484,-0.240821211030796
"665","Gwinnett",13135050522,-0.0398268012767922,-0.408494521596983,-0.269075927472326,-0.239132416782034
"666","Gwinnett",13135050523,0.359593295425806,-0.239829946018011,0.410895626759687,0.176886325389161
"667","Gwinnett",13135050524,-0.366117375625515,-0.808835080806057,-0.382601340336866,-0.519184598922813
"668","Gwinnett",13135050525,0.465569334063992,0.531673743966981,0.325236614864599,0.440826564298524
"669","Gwinnett",13135050526,-0.06551688820488,-1.26788693586187,-0.504534154418075,-0.612645992828274
"670","Gwinnett",13135050527,0.720771654982944,0.705011482190633,0.716842530865152,0.71420855601291
"671","Gwinnett",13135050528,0.398887201022253,0.734788910017051,0.56835105879572,0.567342389945008
"672","Gwinnett",13135050529,0.434965132405443,-0.41692297485196,0.395459237374668,0.137833798309384
"673","Gwinnett",13135050530,0.789706737053639,0.747671146187917,0.556519611255843,0.697965831499133
"674","Gwinnett",13135050531,0.112929905154696,-0.553727317909351,-0.100359447963146,-0.180385620239267
"675","Gwinnett",13135050532,0.492054243431833,-0.414421304331088,-0.124078408222949,-0.0154818230407347
"676","Gwinnett",13135050533,-0.141114647174343,-0.435495451529367,-0.395929942551639,-0.324180013751783
"677","Gwinnett",13135050534,-0.265684740915464,-0.207852799070123,-0.503786847373142,-0.325774795786243
"678","Gwinnett",13135050535,-0.602071979805198,-0.486370810455774,-0.285201024849729,-0.457881271703567
"679","Gwinnett",13135050536,0.0916579218910361,0.121742253720398,0.309889489256274,0.174429888289236
"680","Gwinnett",13135050537,-0.801374812176273,-1.15696389340695,-0.290247843121618,-0.74952884956828
"681","Gwinnett",13135050538,0.655452689268435,0.442558448806837,0.535955342384277,0.544655493486516
"682","Gwinnett",13135050539,-0.565248086275454,-1.11049782449478,-0.945233994119451,-0.87365996829656
"683","Gwinnett",13135050540,0.414806856336709,-0.0107023562374852,0.486259578095475,0.2967880260649
"684","Gwinnett",13135050541,-0.220633660632896,-1.25058314379878,-0.680707478062498,-0.717308094164726
"685","Gwinnett",13135050542,-0.581797015668224,-0.436257226503463,-0.723374691240138,-0.580476311137275
"686","Gwinnett",13135050543,0.520885127837875,0.236430656282051,0.482145115369125,0.413153633163017
"687","Gwinnett",13135050544,0.522692823024061,0.00852313708351097,0.420434527244308,0.317216829117293
"688","Gwinnett",13135050545,0.329396897485658,-0.213238082260104,0.198249518964574,0.104802778063376
"689","Gwinnett",13135050546,0.342749767177454,0.165099232234786,0.115835272768802,0.207894757393681
"690","Gwinnett",13135050547,0.786286141230093,0.284331186308992,0.188088979326089,0.419568768955058
"691","Gwinnett",13135050548,0.587391213515578,0.657841804839733,0.392293389303972,0.545842135886427
"692","Gwinnett",13135050549,0.529013663975996,0.431885070613591,0.529722404623042,0.496873713070876
"693","Gwinnett",13135050605,0.914527444013466,0.579366177382763,0.617214183913099,0.703702601769776
"694","Gwinnett",13135050606,1.07172108600694,0.154736467181644,0.528817171619318,0.585091574935968
"695","Gwinnett",13135050607,0.759163051188954,0.694725041174086,0.770053415911182,0.741313836091407
"696","Gwinnett",13135050608,0.671227744694027,0.204908919235967,0.446696146791384,0.440944270240459
"697","Gwinnett",13135050609,1.07958000392848,0.757799932754313,0.664475567002401,0.83395183456173
"698","Gwinnett",13135050610,1.17793780805675,0.663568428439735,0.717280063139398,0.852928766545293
"699","Gwinnett",13135050709,-0.0983181871818053,0.221630460382579,0.473166208359952,0.198826160520242
"700","Gwinnett",13135050712,1.33890817194146,0.634568024685551,0.955904035310173,0.976460077312394
"701","Gwinnett",13135050713,1.00187292601609,1.08641819328838,0.733405603548004,0.940565574284156
"702","Gwinnett",13135050714,1.19206608355991,0.60085928792082,1.06994955058188,0.954291640687536
"703","Gwinnett",13135050715,1.31747724351528,0.5845258966785,0.524743760832708,0.808915633675497
"704","Gwinnett",13135050718,1.53976432085595,0.735478545553801,0.604920902436831,0.960054589615528
"705","Gwinnett",13135050719,0.30681401211784,0.246917428763836,0.327734849316088,0.293822096732588
"706","Gwinnett",13135050720,0.629184956864749,0.647502001910587,0.897045164794676,0.724577374523337
"707","Gwinnett",13135050721,0.350965140255815,-0.0446276903714459,0.43353116440978,0.246622871431383
"708","Gwinnett",13135050722,-0.170371921593287,-0.176224521878479,-0.662664359041274,-0.336420267504347
"709","Gwinnett",13135050723,0.0794922564259752,0.254563632950873,0.215450832637291,0.183168907338046
"710","Gwinnett",13135050724,0.771043981104683,0.0978535583885871,0.7057270081881,0.524874849227123
"711","Gwinnett",13135050725,0.315267232680801,0.401605900506544,0.525439934690217,0.414104355959188
"712","Gwinnett",13135050726,0.84740115294555,0.392670589731403,0.769171314610739,0.669747685762564
"713","Gwinnett",13135050727,0.7029045791065,0.997302260030153,0.608913306718177,0.769706715284943
"714","Gwinnett",13135050728,0.283123604676902,0.239120858157123,0.535572692205703,0.352605718346576
"715","Gwinnett",13135050729,0.232429015177404,-0.379025103291892,0.585570581483303,0.146324831122938
"716","Gwinnett",13135050730,0.544727964609111,0.131087549961801,0.342535490872442,0.339450335147785
"717","Gwinnett",13135050731,0.243537323292677,0.553593560293733,0.237978521834494,0.345036468473635
"718","Henry",13151070104,0.514241083935169,0.198485067284428,0.484086782476244,0.39893764456528
"719","Henry",13151070106,-0.201816288138492,-0.0657116145239531,-0.580536623734241,-0.282688175465562
"720","Henry",13151070107,-0.0533917141895866,0.325812169194715,0.109026955085415,0.127149136696848
"721","Henry",13151070108,0.101745255739769,0.537528518823314,-0.0203673415433748,0.206302144339903
"722","Henry",13151070109,-0.12270299025735,0.601480853030845,0.148362028684882,0.209046630486126
"723","Henry",13151070110,0.345965877714692,0.311124117144286,0.0473124454331915,0.234800813430723
"724","Henry",13151070111,-0.0918257593292666,-0.0289418095833029,-0.366450184177251,-0.162405917696607
"725","Henry",13151070113,-0.104073977332124,-0.609134025938895,-0.880202282681412,-0.531136761984144
"726","Henry",13151070114,0.0693124210367346,0.0179090871831912,-0.627107208209347,-0.179961899996474
"727","Henry",13151070202,0.923601329643801,0.945913933341594,0.760649817165846,0.876721693383747
"728","Henry",13151070203,0.807780575753427,0.825090651434677,0.640924838328905,0.757932021839003
"729","Henry",13151070204,0.524517271851561,0.59933789268901,0.563557460229793,0.562470874923454
"730","Henry",13151070205,0.297360944802516,0.256304114475665,0.355701963016108,0.303122340764763
"731","Henry",13151070304,-0.731482751183965,-0.639370283231157,-0.59928528588642,-0.656712773433847
"732","Henry",13151070305,0.320262310592767,0.504008302064281,0.460927993112929,0.428399535256659
"733","Henry",13151070306,0.216710643895488,0.555966366643129,0.254969010290268,0.342548673609628
"734","Henry",13151070307,-0.378569678684212,0.580866472664753,0.299761764668435,0.167352852882992
"735","Henry",13151070309,0.360902327340698,0.945839718627376,0.261849699661579,0.522863915209884
"736","Henry",13151070310,0.164129132382261,0.324877967787776,0.248503505391177,0.245836868520405
"737","Henry",13151070311,-0.265414310826977,-0.0504384666225277,-0.28468303557684,-0.200178604342115
"738","Henry",13151070402,0.736502559395502,0.505566080389553,0.17359933093244,0.471889323572498
"739","Henry",13151070403,0.0747249544534396,0.25944497837228,-0.5371296896335,-0.0676532522692602
"740","Henry",13151070404,0.0588425731548186,0.344125112991104,0.151625329178952,0.184864338441625
"741","Henry",13151070501,-0.31120781390918,-0.629458082685489,-0.489102088307338,-0.476589328300669
"742","Henry",13151070502,-0.142170738346528,0.640039569848988,0.173147846200838,0.223672225901099
"743","Paulding",13223120101,0.609969049195681,0.636583483217637,0.51183797180519,0.586130168072836
"744","Paulding",13223120102,0.700984236760876,0.733550722705399,0.476217416509684,0.636917458658653
"745","Paulding",13223120103,0.829363359074342,0.913861761250274,0.44389351674182,0.729039545688812
"746","Paulding",13223120104,0.996453707915573,1.13241686850807,0.534093804448522,0.887654793624055
"747","Paulding",13223120202,0.178364140028005,0.538754245228845,0.193856329492126,0.303658238249659
"748","Paulding",13223120203,0.527459975273273,0.415963762811408,0.38549387708976,0.44297253839148
"749","Paulding",13223120204,0.403386135422823,-0.00367787814310723,0.24078735689803,0.213498538059248
"750","Paulding",13223120301,0.0903025470199574,0.535624531996687,-0.685590397871677,-0.0198877729516777
"751","Paulding",13223120302,-0.0943591534360666,-0.00881602037357833,-0.554244018650498,-0.219139730820048
"752","Paulding",13223120303,0.295634882824982,0.705282568034488,-0.343778335052911,0.21904637193552
"753","Paulding",13223120400,0.180711750948926,0.378836684870513,-0.226740454085989,0.11093599391115
"754","Paulding",13223120501,0.0847197700645526,0.216985093907723,-0.193837199987081,0.0359558879950648
"755","Paulding",13223120502,0.151347181634246,0.319890611456317,-0.198572651262843,0.09088838060924
"756","Paulding",13223120503,0.0959250424931998,0.767404417214464,0.0789853745941829,0.314104944767282
"757","Paulding",13223120601,0.405155519945427,0.68419532183201,0.12057879491822,0.403309878898552
"758","Paulding",13223120602,0.215754826393212,0.397476260562797,0.00691493865013239,0.206715341868714
"759","Paulding",13223120603,0.21554027488887,0.624718002943364,-0.0198479115146075,0.273470122105875
"760","Paulding",13223120604,0.186342101650004,0.52143418726177,0.15817998409643,0.288652091002735
"761","Paulding",13223120605,0.411145818989148,0.343281380853872,0.109985430535543,0.288137543459521
"762","Rockdale",13247060101,-0.0613655777620598,0.228893026745885,-0.397759617616825,-0.0767440562110001
"763","Rockdale",13247060102,-0.00938439536667679,-0.069960979783027,-0.0855293169084283,-0.054958230686044
"764","Rockdale",13247060201,-0.438148473857184,-1.51645219331221,-1.22918574433214,-1.06126213716718
"765","Rockdale",13247060202,0.0000391597638805322,0.318426699267789,-0.172892055630854,0.0485246011336052
"766","Rockdale",13247060304,-0.217032407517254,-0.493803153345536,-0.287020347653411,-0.332618636172067
"767","Rockdale",13247060305,-0.331521662481411,-0.945356940206936,-0.392521725979819,-0.556466776222722
"768","Rockdale",13247060306,-0.00176707971147539,0.512284227457143,0.195925982796902,0.23548104351419
"769","Rockdale",13247060307,-0.0707909955089311,0.152247321035456,0.0962892785109837,0.0592485346791697
"770","Rockdale",13247060308,-0.385204130055451,-0.693827995174067,-0.773401402166098,-0.617477842465205
"771","Rockdale",13247060309,-0.0858938180664816,-0.449165396669978,-0.596562778324431,-0.377207331020297
"772","Rockdale",13247060403,-0.000885925558406763,0.169986503324942,-0.103465987381927,0.0218781967948694
"773","Rockdale",13247060404,-0.176076473744049,0.144770019477097,-0.124426130133854,-0.0519108614669351
"774","Rockdale",13247060405,0.349206491090094,0.590371693661318,0.463564731054949,0.467714305268787
"775","Rockdale",13247060406,0.0296534171081341,0.698309353878834,0.228836657684049,0.318933142890339
"776","Rockdale",13247060407,0.0761568907144026,0.307714828658705,0.180448698508174,0.188106805960427
